area_id,waste_type,weight,pickup_date
1,Plastics,30.00,2024-11-01
1,Plastics,50.00,2024-11-01
1,cups,10.00,2024-11-01
1,cups,5.00,2024-11-01
1,Plastics,12.01,2024-11-01
1,Plastics,58.90,2024-11-01
2,Plastics,12.00,2024-11-01
3,Organic,34.00,2024-11-01
1,Plastics,34.00,2024-11-01
2,Plastics,34.00,2024-11-01
2,Organic,24.00,2024-11-01
6,"Food Waste",20.00,2024-11-01
6,Organic,50.00,2024-11-01
6,"Food Waste",40.00,2024-11-01
6,Plastics,20.00,2024-11-01
6,Plastics,19.00,2024-11-01
6,"Food Waste",10.00,2024-11-01
6,"Food Waste",40.00,2024-11-01
10,Wood,5.00,2024-11-01
3,Plastics,13.00,2024-11-02
5,Plastics,48.00,2024-11-02
1,Plastics,4.00,2024-11-02
5,"Food Waste",5.00,2024-11-02
8,Organic,8.00,2024-11-02
8,Plastics,4.00,2024-11-02
17,"Construction Debris",53.00,2024-11-02
17,"Construction Debris",45.00,2024-11-02
17,"Construction Debris",40.00,2024-11-02
16,"Medical Waste",14.00,2025-04-14
15,"Medical Waste",39.00,2024-11-02
11,"Medical Waste",23.00,2024-11-02
15,"Medical Waste",23.00,2024-11-04
9,"Construction Debris",45.00,2024-11-04
12,Textiles,8.00,2024-11-04
10,Metals,23.00,2024-11-04
15,"Construction Debris",34.00,2024-11-04
15,"Construction Debris",29.00,2024-11-04
10,"Construction Debris",34.00,2024-11-04
5,"Expired Goods",2.00,2024-11-04
5,Paper,3.00,2024-11-04
5,Plastics,3.00,2024-11-04
5,Batteries,1.00,2024-11-04
9,Wood,3.00,2024-11-04
11,"Garden Waste",5.00,2024-11-05
4,"Garden Waste",8.00,2024-11-05
10,Chemicals,13.00,2024-11-05
1,Plastics,5.00,2024-11-05
1,Plastics,5.00,2024-11-05
1,Plastics,10.00,2024-11-05
1,Organic,30.00,2024-11-05
1,"Garden Waste",14.00,2024-11-05
1,Paper,3.00,2024-11-05
1,Plastics,5.00,2024-11-05
1,"Garden Waste",24.00,2024-11-05
1,Plastics,12.00,2024-11-05
1,Plastics,23.00,2024-11-05
1,Plastics,5.00,2024-11-06
1,Plastics,8.00,2024-11-06
2,"Garden Waste",13.00,2024-11-06
2,"Food Waste",13.00,2024-11-06
2,Plastics,3.00,2024-11-06
2,"Garden Waste",10.00,2024-11-06
2,"Food Waste",10.00,2024-11-06
2,Organic,20.00,2024-11-07
2,"Garden Waste",17.00,2024-11-07
2,Plastics,3.00,2024-11-07
2,"Food Waste",20.00,2024-11-07
2,"Garden Waste",18.00,2024-11-07
2,Others,10.00,2024-11-07
3,Organic,18.00,2024-11-07
3,Organic,30.00,2024-11-07
3,Organic,20.00,2024-11-07
3,Organic,40.00,2024-11-07
3,Organic,15.00,2024-11-07
3,Paper,3.00,2024-11-07
3,Plastics,5.00,2024-11-08
3,Organic,14.00,2024-11-08
3,Organic,17.00,2024-11-08
3,Organic,18.00,2024-11-08
3,Organic,18.00,2024-11-08
4,Glass,8.00,2024-11-08
4,Plastics,8.00,2024-11-08
4,"Food Waste",10.00,2024-11-08
4,Plastics,9.00,2024-11-08
4,"Food Waste",10.00,2024-11-08
4,"Construction Debris",20.00,2024-11-08
4,"Construction Debris",20.00,2024-11-08
4,Plastics,9.00,2024-11-08
4,"Food Waste",12.00,2024-11-08
4,"Food Waste",13.00,2024-11-08
4,Others,8.00,2024-11-08
7,Chemicals,20.00,2024-11-08
7,Electronics,19.00,2024-11-08
7,Chemicals,17.00,2024-11-08
7,Chemicals,20.00,2024-11-08
7,Electronics,10.00,2024-11-08
7,Batteries,14.00,2024-11-11
7,Electronics,10.00,2024-11-11
7,Chemicals,20.00,2024-11-11
7,Chemicals,20.00,2024-11-11
7,Chemicals,20.00,2024-11-11
5,"Construction Debris",17.00,2024-11-11
5,"Construction Debris",18.00,2024-11-11
5,"Construction Debris",23.00,2024-11-11
5,"Construction Debris",40.00,2024-11-11
5,Plastics,4.00,2024-11-11
5,"Food Waste",10.00,2024-11-12
5,"Food Waste",8.00,2024-11-12
5,Organic,10.00,2024-11-12
5,"Food Waste",8.00,2024-11-12
5,"Food Waste",7.00,2024-11-12
6,Metals,30.00,2024-11-12
6,Electronics,10.00,2024-11-12
6,Batteries,10.00,2024-11-12
6,Rubber,12.00,2024-11-12
6,"Oil and Grease",18.00,2024-11-13
6,Plastics,20.00,2024-11-13
6,Batteries,10.00,2024-11-13
6,Batteries,10.00,2024-11-13
6,Chemicals,12.00,2024-11-13
6,Plastics,10.00,2024-11-13
6,"Oil and Grease",18.00,2024-11-13
8,Plastics,5.00,2024-11-13
8,"Food Waste",10.00,2024-11-13
8,"Food Waste",13.00,2024-11-13
8,Paper,4.00,2024-11-13
8,"Food Waste",9.00,2024-11-13
8,Others,15.00,2024-11-15
8,"Construction Debris",30.00,2024-11-15
8,"Construction Debris",15.00,2024-11-15
9,Plastics,5.00,2024-11-15
9,"Food Waste",10.00,2024-11-15
9,"Food Waste",5.00,2024-11-15
9,Plastics,4.00,2024-11-15
9,"Food Waste",7.00,2024-11-15
9,Others,8.00,2024-11-15
9,"Construction Debris",25.00,2024-11-15
9,"Construction Debris",24.00,2024-11-15
10,Chemicals,20.00,2024-11-15
10,Textiles,10.00,2024-11-15
10,"Construction Debris",30.00,2024-11-15
10,Metals,30.00,2024-11-15
10,Chemicals,20.00,2024-11-15
10,Textiles,12.00,2024-11-15
10,"Oil and Grease",10.00,2024-11-15
10,Chemicals,30.00,2024-11-15
11,"Food Waste",10.00,2024-11-15
11,"Food Waste",12.00,2024-11-16
11,"Food Waste",14.00,2024-11-16
11,"Food Waste",13.00,2024-11-16
11,Plastics,10.00,2024-11-16
12,Plastics,13.00,2024-11-16
12,Plastics,10.00,2024-11-16
12,"Food Waste",10.00,2024-11-16
12,"Food Waste",18.00,2024-11-16
12,"Food Waste",9.00,2024-11-18
12,Others,20.00,2024-11-18
13,Plastics,4.00,2024-11-18
13,"Construction Debris",23.00,2024-11-18
13,"Food Waste",3.00,2024-11-18
13,"Construction Debris",30.00,2024-11-18
13,Plastics,2.00,2024-11-18
14,Plastics,3.00,2024-11-18
14,"Food Waste",5.00,2024-11-18
14,"Food Waste",3.00,2024-11-18
14,"Food Waste",3.00,2024-11-19
14,Plastics,3.00,2024-11-19
14,Others,10.00,2024-11-19
15,"Food Waste",10.00,2024-11-19
15,"Food Waste",10.00,2024-11-19
15,"Food Waste",10.00,2024-11-19
15,Plastics,4.00,2024-11-19
15,Plastics,4.00,2024-11-19
15,"Food Waste",5.00,2024-11-20
16,Chemicals,20.00,2024-11-20
16,"Construction Debris",20.00,2024-11-20
16,"Construction Debris",30.00,2024-11-20
16,Chemicals,20.00,2024-11-20
16,Glass,11.00,2024-11-20
16,Rubber,12.00,2024-11-20
16,"Oil and Grease",13.00,2024-11-20
17,Plastics,10.00,2024-11-20
17,Paper,2.50,2024-11-20
17,"Food Waste",10.00,2024-11-21
17,"Construction Debris",20.00,2024-11-21
2,"Food Waste",10.00,2024-11-21
2,Plastics,2.00,2024-11-21
1,Paper,3.00,2024-11-21
1,"Food Waste",8.30,2024-11-21
2,Electronics,3.00,2024-11-21
2,Others,15.00,2024-11-21
1,Plastics,4.90,2024-11-21
1,"Food Waste",7.00,2024-11-21
3,"Food Waste",3.00,2024-11-21
3,"Construction Debris",30.00,2024-11-21
1,Organic,10.00,2024-11-22
1,"Food Waste",8.00,2024-11-22
1,"Construction Debris",10.00,2024-11-22
3,"Food Waste",12.00,2024-11-22
3,"Construction Debris",20.00,2024-11-22
3,Plastics,2.00,2024-11-22
3,"Construction Debris",10.00,2024-11-22
2,Others,12.00,2024-11-22
2,Glass,4.00,2024-11-22
18,Plastics,3.00,2024-11-22
18,"Food Waste",10.00,2024-11-22
18,"Expired Goods",10.00,2024-11-22
18,Organic,20.00,2024-11-22
12,Plastics,4.00,2024-11-22
12,"Food Waste",10.00,2024-11-22
12,"Food Waste",10.00,2024-11-22
12,"Food Waste",10.00,2024-11-22
12,Plastics,3.00,2024-11-22
12,"Food Waste",10.00,2024-11-22
12,Others,5.00,2024-11-22
18,"Food Waste",10.00,2024-11-23
18,"Food Waste",10.00,2024-11-23
18,"Food Waste",10.00,2024-11-23
18,Plastics,3.00,2024-11-23
18,Others,13.00,2024-11-23
12,Plastics,3.00,2024-11-23
12,"Food Waste",3.00,2024-11-23
12,"Garden Waste",12.00,2024-11-23
18,Metals,17.00,2024-11-25
12,"Construction Debris",20.00,2024-11-25
12,"Food Waste",10.00,2024-11-25
12,"Food Waste",10.00,2024-11-25
12,"Construction Debris",5.00,2024-11-25
12,Plastics,7.00,2024-11-25
12,Glass,12.00,2024-11-25
18,"Expired Goods",20.00,2024-11-25
18,Wood,13.00,2024-11-25
18,Electronics,20.00,2024-11-25
18,"Expired Goods",20.00,2024-11-26
12,Chemicals,20.00,2024-11-26
12,"Medical Waste",12.00,2024-11-26
12,"Medical Waste",12.00,2024-11-26
12,"Medical Waste",10.00,2024-11-26
18,Organic,3.00,2024-11-26
18,Wood,30.00,2024-11-26
18,"Food Waste",10.00,2024-11-26
12,Plastics,7.00,2024-11-26
12,"Garden Waste",13.00,2024-11-26
12,Glass,4.00,2024-11-26
18,Rubber,10.00,2024-11-26
18,Rubber,10.00,2024-11-27
18,Wood,10.00,2024-11-27
18,Plastics,10.00,2024-11-27
18,Others,10.00,2024-11-27
12,"Medical Waste",20.00,2024-11-27
12,"Medical Waste",5.00,2024-11-27
12,"Construction Debris",20.00,2024-11-27
12,"Food Waste",10.00,2024-11-27
18,"Food Waste",4.00,2024-11-27
18,"Food Waste",4.00,2024-11-27
12,"Food Waste",10.00,2024-11-27
18,"Food Waste",10.00,2024-11-27
18,Plastics,5.00,2024-11-27
12,Batteries,10.00,2024-11-27
12,Electronics,10.00,2024-11-28
12,Paper,3.00,2024-11-28
18,Plastics,4.00,2024-11-28
12,"Food Waste",10.00,2024-11-28
18,"Food Waste",10.00,2024-11-28
18,Organic,10.00,2024-11-28
18,Others,10.00,2024-11-28
18,"Food Waste",10.00,2024-11-28
13,"Food Waste",12.00,2024-11-28
13,"Food Waste",10.00,2024-11-28
13,Plastics,4.00,2024-11-28
13,"Food Waste",10.00,2024-11-29
13,"Construction Debris",20.00,2024-11-29
13,Others,12.00,2024-11-29
13,Organic,5.00,2024-11-29
13,"Food Waste",10.00,2024-11-29
13,Plastics,3.00,2024-11-29
13,Others,10.00,2024-11-29
13,"Food Waste",12.00,2024-11-29
13,"Food Waste",12.00,2024-11-29
13,Plastics,7.00,2024-11-29
13,"Food Waste",8.00,2024-11-29
13,Metals,13.00,2024-11-29
13,Rubber,12.00,2024-11-29
13,Organic,12.00,2024-11-29
13,"Construction Debris",20.00,2024-11-29
13,Glass,10.00,2024-11-29
13,"Food Waste",10.00,2024-11-29
13,Plastics,10.00,2024-11-29
13,Plastics,8.00,2024-11-29
13,"Food Waste",17.00,2024-11-29
13,"Food Waste",13.00,2024-11-29
13,"Food Waste",8.00,2024-11-29
13,"Food Waste",5.00,2024-11-29
14,"Food Waste",15.00,2024-11-29
14,"Food Waste",10.00,2024-11-29
14,Plastics,8.00,2024-11-29
14,"Food Waste",21.00,2024-11-29
14,"Food Waste",19.00,2024-11-29
14,"Food Waste",17.00,2024-11-29
14,Plastics,8.00,2024-11-29
14,Organic,12.00,2024-11-29
14,Others,10.00,2024-11-29
14,"Food Waste",7.00,2024-11-29
14,"Food Waste",10.00,2024-11-29
14,Plastics,10.00,2024-11-30
14,Plastics,7.00,2024-11-30
14,Plastics,12.00,2024-11-30
14,"Food Waste",10.00,2024-11-30
14,"Food Waste",10.00,2024-11-30
14,Plastics,5.00,2024-11-30
14,Plastics,7.00,2024-11-30
14,Plastics,10.00,2024-11-30
14,Plastics,10.00,2024-12-01
14,Plastics,10.00,2024-12-01
14,"Medical Waste",10.00,2024-12-01
14,Plastics,8.00,2024-12-01
14,"Medical Waste",12.00,2024-12-01
14,"Medical Waste",10.00,2024-12-01
14,Others,20.00,2024-12-01
14,"Food Waste",12.00,2024-12-01
14,"Food Waste",12.00,2024-12-01
14,"Food Waste",13.00,2024-12-01
14,"Food Waste",10.70,2024-12-02
14,Plastics,8.30,2024-12-02
14,Plastics,8.40,2024-12-02
14,"Food Waste",20.00,2024-12-02
14,"Food Waste",19.00,2024-12-02
14,"Food Waste",18.00,2024-12-02
14,"Food Waste",17.00,2024-12-02
14,Plastics,4.30,2024-12-02
14,"Food Waste",15.30,2024-12-02
14,"Food Waste",10.80,2024-12-02
14,"Food Waste",8.50,2024-12-02
14,"Food Waste",10.40,2024-12-02
11,Plastics,5.00,2024-12-03
11,Plastics,5.00,2024-12-03
11,"Food Waste",7.00,2024-12-03
11,"Food Waste",4.00,2024-12-03
11,Organic,12.00,2024-12-03
11,"Garden Waste",13.00,2024-12-03
11,"Garden Waste",14.00,2024-12-03
11,Others,14.00,2024-12-03
11,"Garden Waste",10.00,2024-12-04
11,"Garden Waste",10.00,2024-12-04
11,"Garden Waste",12.00,2024-12-04
11,Plastics,4.00,2024-12-04
11,"Garden Waste",15.00,2024-12-04
11,"Garden Waste",15.00,2024-12-04
11,Others,15.00,2024-12-04
11,"Food Waste",4.30,2024-12-04
12,"Expired Goods",8.40,2024-12-05
12,Plastics,5.70,2024-12-05
11,"Garden Waste",17.50,2024-12-05
11,Plastics,4.80,2024-12-05
11,"Garden Waste",12.40,2024-12-05
11,Organic,12.40,2024-12-06
11,"Construction Debris",23.40,2024-12-06
11,"Garden Waste",12.40,2024-12-06
12,Plastics,9.20,2024-12-06
12,Plastics,5.40,2024-12-06
12,Plastics,4.30,2024-12-06
12,"Food Waste",4.80,2024-12-06
12,"Food Waste",4.70,2024-12-06
12,Plastics,4.50,2024-12-06
12,"Food Waste",7.40,2024-12-06
12,"Food Waste",9.40,2024-12-06
11,"Food Waste",12.30,2024-12-06
11,"Food Waste",10.20,2024-12-06
11,"Garden Waste",15.00,2024-12-06
11,"Garden Waste",15.00,2024-12-06
11,Plastics,12.40,2024-12-06
11,"Garden Waste",18.30,2024-12-06
12,Plastics,4.80,2024-12-06
12,Plastics,4.80,2024-12-06
12,"Food Waste",4.70,2024-12-06
12,"Food Waste",8.00,2024-12-06
11,"Food Waste",10.40,2024-12-06
11,"Garden Waste",12.70,2024-12-06
11,Organic,12.40,2024-12-06
11,Others,12.40,2024-12-06
12,"Food Waste",12.40,2024-12-06
12,"Garden Waste",12.30,2024-12-06
12,Plastics,4.30,2024-12-06
12,"Garden Waste",12.30,2024-12-06
12,Plastics,4.70,2024-12-06
12,Organic,12.50,2024-12-06
12,"Food Waste",12.40,2024-12-06
12,"Garden Waste",12.40,2024-12-06
11,Plastics,3.40,2024-12-06
11,Plastics,5.40,2024-12-06
11,"Food Waste",12.50,2024-12-06
11,Others,12.30,2024-12-06
11,"Food Waste",12.30,2024-12-06
11,Others,12.80,2024-12-06
11,"Garden Waste",12.50,2024-12-06
12,Plastics,2.30,2024-12-06
12,"Food Waste",8.30,2024-12-06
12,"Food Waste",8.80,2024-12-06
12,"Food Waste",12.50,2024-12-07
12,"Garden Waste",12.50,2024-12-07
12,"Garden Waste",14.20,2024-12-07
12,"Garden Waste",17.30,2024-12-07
12,"Garden Waste",18.30,2024-12-08
12,Plastics,11.40,2024-12-08
12,Plastics,5.40,2024-12-08
12,Others,13.50,2024-12-08
12,"Food Waste",23.30,2024-12-08
11,Plastics,4.50,2024-12-09
11,Plastics,4.90,2024-12-09
11,Plastics,5.80,2024-12-09
11,Plastics,5.90,2024-12-09
11,"Food Waste",12.20,2024-12-09
11,"Food Waste",14.20,2024-12-09
11,"Food Waste",15.30,2024-12-09
8,Plastics,3.40,2024-12-09
8,Plastics,4.30,2024-12-09
8,"Food Waste",9.20,2024-12-09
8,Others,3.40,2024-12-09
8,"Food Waste",10.30,2024-12-09
8,Plastics,5.40,2024-12-09
8,"Food Waste",12.30,2024-12-09
8,Plastics,4.50,2024-12-10
8,"Food Waste",10.40,2024-12-10
8,"Food Waste",23.30,2024-12-10
8,"Food Waste",25.40,2024-12-10
8,"Food Waste",30.40,2024-12-10
8,"Food Waste",32.50,2024-12-10
8,"Food Waste",33.50,2024-12-10
8,"Food Waste",31.20,2024-12-10
8,"Food Waste",35.40,2024-12-10
8,Plastics,12.30,2024-12-10
8,Plastics,10.20,2024-12-10
8,Plastics,9.40,2024-12-11
8,"Medical Waste",5.40,2024-12-11
8,"Medical Waste",7.50,2024-12-11
8,"Medical Waste",9.70,2024-12-11
8,Plastics,4.30,2024-12-11
8,Plastics,4.50,2024-12-11
8,"Medical Waste",12.40,2024-12-11
9,Plastics,4.20,2024-12-11
9,Plastics,3.20,2024-12-11
9,Plastics,2.40,2024-12-11
9,Plastics,5.90,2024-12-11
9,"Food Waste",3.20,2024-12-11
9,"Food Waste",7.30,2024-12-11
9,"Food Waste",9.30,2024-12-11
9,"Food Waste",12.40,2024-12-11
9,Plastics,4.30,2024-12-11
9,Plastics,8.50,2024-12-11
9,Plastics,9.40,2024-12-12
9,Plastics,9.90,2024-12-12
9,"Food Waste",8.40,2024-12-12
9,"Food Waste",9.30,2024-12-12
9,"Food Waste",23.00,2024-12-12
9,"Food Waste",27.00,2024-12-12
8,"Food Waste",30.00,2024-12-12
8,"Food Waste",30.00,2024-12-12
8,"Food Waste",30.00,2024-12-12
8,"Food Waste",33.00,2024-12-12
8,"Food Waste",24.30,2024-12-12
8,"Food Waste",21.30,2024-12-12
9,Others,24.70,2024-12-12
8,"Food Waste",13.40,2024-12-12
9,Textiles,8.30,2024-12-12
9,"Garden Waste",12.70,2024-12-12
9,"Food Waste",9.30,2024-12-12
9,Plastics,3.20,2024-12-12
9,"Food Waste",7.30,2024-12-12
9,"Food Waste",4.50,2024-12-12
9,Plastics,10.30,2024-12-13
9,"Construction Debris",25.30,2024-12-13
9,"Construction Debris",12.30,2024-12-13
9,Plastics,10.30,2024-12-13
9,Glass,5.30,2024-12-13
9,Metals,10.30,2024-12-13
9,Wood,12.30,2024-12-13
9,Others,17.40,2024-12-13
9,"Food Waste",12.30,2024-12-13
9,"Food Waste",14.30,2024-12-13
9,"Food Waste",14.30,2024-12-13
9,"Food Waste",14.50,2024-12-13
9,"Food Waste",15.30,2024-12-13
9,"Food Waste",17.40,2024-12-13
9,Plastics,12.40,2024-12-13
7,Plastics,5.40,2024-12-13
7,Plastics,5.40,2024-12-13
7,Plastics,7.40,2024-12-13
7,Plastics,8.30,2024-12-13
7,Plastics,14.30,2024-12-13
7,Plastics,12.30,2024-12-13
7,Plastics,17.30,2024-12-13
7,Plastics,15.30,2024-12-13
7,Glass,5.30,2024-12-13
7,Glass,10.40,2024-12-13
7,Glass,14.30,2024-12-13
7,Plastics,12.30,2024-12-13
7,Glass,14.30,2024-12-13
7,Glass,17.30,2024-12-13
7,Glass,25.40,2024-12-13
7,Glass,20.20,2024-12-13
7,Plastics,13.40,2024-12-13
7,Plastics,12.30,2024-12-13
7,"Food Waste",12.20,2024-12-14
7,"Food Waste",12.30,2024-12-14
7,"Food Waste",5.30,2024-12-14
7,"Food Waste",8.40,2024-12-16
7,"Food Waste",10.30,2024-12-16
7,"Food Waste",10.40,2024-12-16
7,"Food Waste",12.30,2024-12-16
7,Plastics,12.40,2024-12-16
7,Others,12.40,2024-12-16
7,"Food Waste",14.30,2024-12-16
16,Organic,12.30,2024-12-16
16,Organic,13.40,2024-12-16
16,"Garden Waste",14.30,2024-12-16
16,"Garden Waste",12.30,2024-12-16
16,Others,23.40,2024-12-16
16,Others,34.40,2024-12-17
16,Plastics,3.40,2024-12-17
16,Plastics,4.30,2024-12-17
16,Plastics,7.40,2024-12-17
16,Plastics,10.30,2024-12-17
16,"Construction Debris",43.40,2024-12-17
16,"Construction Debris",23.30,2024-12-17
16,"Construction Debris",14.70,2024-12-17
16,"Construction Debris",10.30,2024-12-17
16,"Construction Debris",7.40,2024-12-17
16,"Food Waste",5.40,2024-12-17
16,"Food Waste",8.30,2024-12-17
16,"Food Waste",9.20,2024-12-17
16,"Food Waste",12.30,2024-12-17
16,"Food Waste",10.40,2024-12-18
6,"Medical Waste",12.30,2024-12-18
6,"Medical Waste",14.30,2024-12-18
6,"Medical Waste",20.30,2024-12-18
6,"Medical Waste",17.20,2024-12-18
6,"Medical Waste",20.20,2024-12-18
6,"Food Waste",12.30,2024-12-18
6,Plastics,12.30,2024-12-18
6,Plastics,10.20,2024-12-19
6,"Food Waste",13.20,2024-12-19
6,"Food Waste",23.30,2024-12-19
6,"Food Waste",23.40,2024-12-19
6,"Food Waste",17.40,2024-12-19
6,"Food Waste",24.50,2024-12-19
6,"Food Waste",28.30,2024-12-19
10,Plastics,12.30,2024-12-19
6,Glass,8.30,2024-12-19
6,Glass,8.40,2024-12-19
4,"Food Waste",4.50,2024-12-19
4,"Food Waste",7.40,2024-12-19
4,"Food Waste",12.30,2024-12-19
4,"Food Waste",10.30,2024-12-19
4,"Food Waste",12.30,2024-12-19
4,"Food Waste",10.40,2024-12-19
4,"Food Waste",12.30,2024-12-19
4,Plastics,4.30,2024-12-19
4,"Garden Waste",14.30,2024-12-19
4,Others,12.40,2024-12-19
4,"Food Waste",23.30,2024-12-20
4,"Food Waste",27.30,2024-12-20
4,"Food Waste",32.30,2024-12-20
4,"Food Waste",10.20,2024-12-20
4,Plastics,5.40,2024-12-20
5,Organic,23.34,2024-12-20
5,Plastics,10.30,2024-12-20
5,Plastics,12.30,2024-12-20
5,Plastics,9.40,2024-12-20
5,Plastics,10.20,2024-12-20
5,Plastics,10.00,2024-12-20
5,"Food Waste",20.20,2024-12-20
5,"Food Waste",18.30,2024-12-20
5,"Food Waste",14.30,2024-12-20
5,"Food Waste",13.20,2024-12-20
5,"Food Waste",12.30,2024-12-20
5,"Food Waste",12.40,2024-12-20
5,"Food Waste",12.30,2024-12-20
5,"Food Waste",14.30,2024-12-20
5,Others,12.30,2024-12-20
5,Plastics,7.30,2024-12-20
5,Plastics,8.40,2024-12-20
5,Plastics,9.40,2024-12-20
5,Plastics,8.40,2024-12-20
5,Plastics,8.30,2024-12-20
5,Plastics,8.30,2024-12-20
5,Plastics,7.40,2024-12-20
5,"Food Waste",12.30,2024-12-20
5,"Food Waste",12.30,2024-12-20
5,"Food Waste",12.40,2024-12-20
5,"Food Waste",9.40,2024-12-20
5,"Food Waste",10.40,2024-12-20
5,"Food Waste",10.40,2024-12-20
5,Others,14.30,2024-12-20
5,"Food Waste",12.40,2024-12-20
5,"Food Waste",15.30,2024-12-20
5,"Food Waste",18.40,2024-12-20
5,"Food Waste",19.40,2024-12-20
5,"Food Waste",17.50,2024-12-21
5,"Food Waste",15.50,2024-12-21
5,"Food Waste",18.50,2024-12-21
5,"Food Waste",12.30,2024-12-22
5,Plastics,8.30,2024-12-22
5,Plastics,9.20,2024-12-22
5,Plastics,8.30,2024-12-22
5,Plastics,3.40,2024-12-22
5,Plastics,3.40,2024-12-22
5,Plastics,3.20,2024-12-23
5,Plastics,4.30,2024-12-23
5,Plastics,3.20,2024-12-23
5,Plastics,3.40,2024-12-23
5,Plastics,7.30,2024-12-23
5,Plastics,4.30,2024-12-23
5,Plastics,3.20,2024-12-23
5,"Food Waste",10.20,2024-12-23
5,"Food Waste",4.50,2024-12-23
5,"Food Waste",5.40,2024-12-23
5,"Food Waste",7.40,2024-12-30
5,"Food Waste",7.40,2024-12-30
5,"Food Waste",4.30,2024-12-30
5,"Food Waste",4.30,2024-12-30
5,"Food Waste",4.80,2024-12-30
15,"Food Waste",12.30,2024-12-30
15,"Food Waste",10.20,2024-12-30
15,"Food Waste",12.30,2024-12-30
15,"Food Waste",12.30,2024-12-30
15,"Garden Waste",17.30,2024-12-30
15,"Garden Waste",14.30,2024-12-30
15,"Garden Waste",13.40,2024-12-30
15,"Garden Waste",13.70,2024-12-30
15,Plastics,12.40,2024-12-30
1,"Medical Waste",12.30,2024-12-30
1,"Medical Waste",10.40,2024-12-30
1,"Medical Waste",12.30,2024-12-30
1,"Medical Waste",12.30,2024-12-30
1,Plastics,9.30,2024-12-30
1,Plastics,7.30,2024-12-30
1,Plastics,5.40,2024-12-30
2,Plastics,3.20,2024-12-30
2,Plastics,4.30,2024-12-30
2,Plastics,5.40,2024-12-30
2,"Food Waste",4.30,2024-12-30
3,"Food Waste",12.30,2024-12-30
3,"Food Waste",12.30,2024-12-30
3,"Food Waste",12.50,2024-12-30
3,"Food Waste",12.70,2024-12-30
3,"Food Waste",12.50,2024-12-30
3,Plastics,3.50,2024-12-30
3,Plastics,5.40,2024-12-30
3,"Food Waste",12.30,2024-12-30
3,Plastics,3.40,2024-12-30
3,"Food Waste",5.80,2024-12-30
2,Plastics,3.70,2024-12-30
2,Plastics,5.40,2024-12-30
2,Plastics,7.40,2024-12-30
2,Chemicals,243.40,2024-12-30
2,Chemicals,425.80,2024-12-30
2,"Construction Debris",234.30,2024-12-30
1,"Food Waste",49.30,2024-12-30
1,"Food Waste",37.80,2024-12-30
1,"Food Waste",34.30,2024-12-30
1,"Food Waste",23.20,2024-12-30
1,"Food Waste",23.20,2024-12-30
1,Plastics,10.30,2024-12-30
1,"Construction Debris",302.30,2024-12-30
1,"Medical Waste",59.30,2024-12-30
3,Others,349.90,2024-12-30
2,"Construction Debris",349.30,2024-12-30
1,Plastics,12.00,2025-04-16
1,Plastics,12.50,2025-04-16
1,Plastics,24.00,2025-04-16
3,Organic,12.85,2025-02-14
6,Electronics,8.43,2025-02-27
8,"Garden Waste",49.79,2025-04-11
16,Metals,25.80,2025-01-28
6,Metals,7.39,2025-04-01
15,Metals,15.36,2025-04-15
18,Organic,96.08,2025-01-30
15,"Oil and Grease",60.31,2025-01-30
2,"Oil and Grease",56.05,2025-01-31
12,Batteries,32.88,2025-02-17
4,"Garden Waste",51.52,2025-02-03
8,Organic,30.10,2025-03-04
8,"Expired Goods",8.03,2025-02-04
18,Wood,42.56,2025-03-28
12,Rubber,27.15,2025-02-05
7,"Food Waste",76.07,2025-02-05
3,"Expired Goods",28.86,2025-03-20
11,"Garden Waste",15.37,2025-02-06
12,Others,33.68,2025-04-03
6,Chemicals,26.84,2025-02-06
13,Organic,27.28,2025-03-15
11,Rubber,46.54,2025-04-12
1,"Medical Waste",14.94,2025-04-11
8,Rubber,39.24,2025-02-13
6,Organic,32.52,2025-04-03
6,"Construction Debris",81.42,2025-02-13
4,Wood,35.18,2025-01-30
4,"Garden Waste",90.17,2025-02-14
4,Plastics,33.77,2025-03-24
4,Chemicals,18.13,2025-03-20
12,Others,69.54,2025-02-17
5,Others,34.64,2025-03-06
18,Chemicals,11.46,2025-02-17
13,"Garden Waste",55.03,2025-02-17
7,"Food Waste",72.31,2025-02-18
15,Chemicals,33.14,2025-02-18
7,Rubber,45.96,2025-02-19
17,Plastics,51.57,2025-02-20
12,Others,10.08,2025-02-20
11,Textiles,17.94,2025-02-21
17,Wood,29.96,2025-02-22
14,"Construction Debris",14.38,2025-03-05
9,Textiles,10.41,2025-02-24
9,Chemicals,28.15,2025-03-04
11,"Construction Debris",11.32,2025-02-25
3,"Medical Waste",45.68,2025-01-31
12,Paper,40.52,2025-01-30
5,Wood,40.34,2025-03-06
14,Electronics,23.10,2025-03-17
16,Others,33.07,2025-03-29
9,Batteries,45.29,2025-03-22
2,"Oil and Grease",35.97,2025-03-05
17,Batteries,44.34,2025-03-07
8,Batteries,9.57,2025-03-08
1,Chemicals,27.87,2025-04-01
1,Metals,15.98,2025-02-10
10,"Construction Debris",22.65,2025-03-18
16,Rubber,25.24,2025-03-17
5,Wood,9.62,2025-02-24
6,Plastics,34.95,2025-04-10
8,Wood,48.81,2025-02-15
17,"Oil and Grease",39.51,2025-04-15
15,Glass,21.27,2025-03-18
14,Chemicals,10.04,2025-02-22
8,Rubber,30.13,2025-04-02
17,"Oil and Grease",16.06,2025-02-10
11,Metals,13.19,2025-03-01
10,"Garden Waste",47.44,2025-03-24
18,Metals,18.94,2025-03-10
15,"Oil and Grease",22.04,2025-02-27
9,Batteries,17.87,2025-02-12
1,Organic,40.20,2025-02-14
18,Others,20.36,2025-02-06
13,Metals,28.26,2025-03-04
12,"Medical Waste",14.59,2025-02-22
3,"Medical Waste",35.96,2025-04-10
4,"Oil and Grease",13.87,2025-04-07
18,Organic,21.50,2025-03-26
9,Paper,30.32,2025-02-13
5,Textiles,7.16,2025-03-31
17,Organic,47.82,2025-04-02
7,"Oil and Grease",10.78,2025-03-24
8,Paper,22.76,2025-03-03
7,Textiles,48.09,2025-02-20
7,Chemicals,41.67,2025-04-09
10,"Medical Waste",21.68,2025-02-25
3,"Construction Debris",34.72,2025-04-04
5,Organic,37.69,2025-03-18
2,Metals,33.04,2025-01-27
5,"Food Waste",47.42,2025-03-31
16,"Garden Waste",37.53,2025-02-12
9,Electronics,38.67,2025-02-05
11,"Expired Goods",28.18,2025-02-13
12,Rubber,44.21,2025-04-07
2,Metals,48.85,2025-01-29
1,"Medical Waste",40.30,2025-02-26
17,Plastics,26.02,2025-02-18
10,Rubber,25.87,2025-04-02
12,"Expired Goods",12.08,2025-03-13
7,Plastics,32.10,2025-03-13
6,"Oil and Grease",20.92,2025-04-14
17,"Construction Debris",20.03,2025-03-20
15,Chemicals,31.77,2025-02-11
3,Others,13.18,2025-04-04
4,"Oil and Grease",7.35,2025-02-08
13,Wood,14.42,2025-02-24
13,Rubber,36.60,2025-04-10
14,Chemicals,35.24,2025-02-10
16,"Expired Goods",7.37,2025-03-21
17,Batteries,43.02,2025-04-16
6,Wood,5.58,2025-03-15
15,"Medical Waste",21.16,2025-03-22
7,Metals,47.58,2025-02-18
8,Batteries,41.49,2025-04-12
14,Electronics,42.01,2025-02-07
11,Plastics,17.29,2025-01-29
15,Glass,34.48,2025-02-28
10,Batteries,31.35,2025-02-06
8,Organic,16.33,2025-03-07
18,Paper,39.55,2025-02-11
2,Chemicals,5.27,2025-04-01
5,"Food Waste",42.52,2025-03-15
8,"Oil and Grease",17.33,2025-02-14
17,Batteries,18.00,2025-04-14
1,Electronics,8.57,2025-02-15
17,"Construction Debris",42.94,2025-02-17
11,Metals,24.07,2025-04-01
2,Batteries,20.00,2025-02-13
8,Others,22.10,2025-03-05
1,Batteries,29.27,2025-03-27
14,Organic,10.95,2025-04-04
9,Organic,5.29,2025-02-17
5,Metals,46.45,2025-03-06
15,"Construction Debris",49.31,2025-03-27
7,Organic,46.44,2025-03-19
16,Metals,32.01,2025-02-01
3,Metals,22.96,2025-01-29
13,"Medical Waste",10.98,2025-04-03
5,Rubber,39.40,2025-03-04
16,"Food Waste",15.14,2025-03-28
12,Textiles,5.65,2025-02-08
4,Plastics,31.72,2025-04-16
13,Metals,6.90,2025-03-20
1,Glass,5.21,2025-02-28
16,Chemicals,14.94,2025-03-17
15,Chemicals,41.65,2025-02-14
16,"Garden Waste",48.62,2025-03-28
14,Textiles,5.05,2025-04-09
7,"Expired Goods",6.93,2025-02-01
13,Plastics,39.30,2025-02-06
12,Organic,46.73,2025-02-21
7,Others,47.88,2025-03-05
13,Paper,23.78,2025-04-05
10,"Medical Waste",38.44,2025-02-17
3,Plastics,42.69,2025-03-05
14,Paper,20.51,2025-04-08
18,"Construction Debris",7.59,2025-02-13
8,Organic,42.81,2025-01-31
9,Paper,14.75,2025-03-12
17,"Garden Waste",30.12,2025-03-26
16,Chemicals,46.58,2025-03-13
9,"Medical Waste",16.31,2025-03-08
11,Paper,13.72,2025-03-13
8,Electronics,25.71,2025-02-11
17,Organic,7.10,2025-01-31
11,Organic,10.36,2025-02-28
8,Organic,25.54,2025-03-12
6,"Food Waste",11.37,2025-02-19
18,"Expired Goods",21.90,2025-02-28
12,Chemicals,42.54,2025-02-19
17,Electronics,34.43,2025-02-27
6,Organic,20.18,2025-03-22
4,"Oil and Grease",46.95,2025-03-04
4,Wood,43.43,2025-04-05
10,"Food Waste",32.50,2025-02-17
10,Rubber,38.90,2025-01-29
14,"Food Waste",43.62,2025-03-17
14,"Expired Goods",38.44,2025-04-12
16,"Expired Goods",15.53,2025-03-24
7,Metals,8.17,2025-03-08
9,Plastics,28.45,2025-02-12
17,"Medical Waste",37.95,2025-04-04
1,Paper,46.34,2025-02-22
4,Wood,6.40,2025-03-08
9,Others,48.42,2025-03-25
13,Metals,30.24,2025-04-05
9,Wood,11.75,2025-03-06
10,Metals,9.37,2025-03-13
16,"Expired Goods",21.25,2025-03-17
10,Textiles,31.65,2025-02-14
18,Paper,21.53,2025-03-11
16,Textiles,39.69,2025-03-14
10,Electronics,14.60,2025-04-08
4,"Food Waste",46.87,2025-02-03
17,"Construction Debris",9.88,2025-03-05
1,Textiles,38.29,2025-02-06
18,"Oil and Grease",5.25,2025-03-13
2,Chemicals,27.85,2025-03-27
17,Rubber,19.54,2025-03-28
3,Others,29.08,2025-02-22
2,Chemicals,13.91,2025-04-01
5,Wood,33.80,2025-04-14
3,"Garden Waste",15.53,2025-02-05
13,Plastics,47.19,2025-02-19
11,Textiles,45.21,2025-03-19
6,Textiles,32.56,2025-02-08
8,Batteries,39.42,2025-02-28
5,"Medical Waste",14.61,2025-02-20
3,Paper,28.09,2025-02-13
7,Wood,25.60,2025-03-13
15,Glass,7.58,2025-04-02
15,Electronics,38.21,2025-04-14
17,Textiles,8.56,2025-02-20
7,Others,5.88,2025-02-06
9,"Food Waste",41.55,2025-04-11
18,"Oil and Grease",9.52,2025-01-30
9,Others,26.22,2025-02-25
15,Electronics,45.50,2025-02-26
6,"Food Waste",44.82,2025-02-01
7,Others,14.72,2025-01-29
10,"Expired Goods",41.73,2025-02-06
14,Batteries,7.35,2025-03-31
16,"Oil and Grease",25.84,2025-04-09
9,Electronics,46.53,2025-03-06
8,"Garden Waste",46.52,2025-04-12
2,Wood,9.55,2025-02-05
1,Plastics,31.07,2025-02-13
3,Metals,17.65,2025-03-28
1,"Garden Waste",30.11,2025-03-22
13,"Expired Goods",20.12,2025-04-15
17,Organic,47.78,2025-04-10
13,Wood,24.79,2025-03-13
9,"Medical Waste",22.46,2025-03-27
7,Paper,46.43,2025-02-03
11,"Expired Goods",30.94,2025-03-13
16,Organic,22.32,2025-04-12
18,Chemicals,26.23,2025-02-17
14,Wood,9.97,2025-02-08
12,Plastics,35.39,2025-04-02
10,Wood,20.18,2025-02-13
3,Rubber,24.29,2025-04-01
17,Wood,26.54,2025-02-11
15,Batteries,23.08,2025-02-27
16,Textiles,38.40,2025-03-19
8,Wood,45.97,2025-02-24
11,Glass,10.16,2025-03-10
12,Plastics,33.65,2025-03-12
1,Batteries,23.19,2025-04-09
18,"Medical Waste",45.06,2025-03-04
6,Paper,6.85,2025-03-06
18,"Garden Waste",6.37,2025-02-22
4,Others,11.00,2025-01-30
15,Batteries,39.77,2025-03-14
14,Textiles,25.72,2025-02-15
13,Wood,13.61,2025-02-08
17,"Oil and Grease",33.18,2025-03-17
2,Textiles,26.13,2025-02-03
18,"Oil and Grease",12.37,2025-02-14
16,Electronics,27.18,2025-03-13
5,Batteries,33.55,2025-02-25
11,Textiles,13.36,2025-03-18
13,"Garden Waste",11.85,2025-04-04
5,Batteries,28.99,2025-04-15
17,Batteries,12.37,2025-03-17
6,Paper,36.56,2025-02-07
17,"Food Waste",29.87,2025-01-31
5,"Garden Waste",10.29,2025-03-21
7,Wood,40.26,2025-04-02
9,Chemicals,28.37,2025-03-24
16,Others,35.71,2025-01-29
3,"Food Waste",47.79,2025-03-25
3,Batteries,21.57,2025-04-04
13,Plastics,32.62,2025-02-03
3,Paper,21.85,2025-03-31
12,Others,9.53,2025-03-26
15,"Garden Waste",42.15,2025-03-24
16,Glass,35.91,2025-02-19
10,Paper,8.35,2025-03-10
16,"Food Waste",22.73,2025-02-03
10,"Construction Debris",14.92,2025-03-21
15,Electronics,11.36,2025-02-28
16,Plastics,20.37,2025-03-21
5,"Medical Waste",6.48,2025-04-04
15,Rubber,23.47,2025-02-03
5,Electronics,20.93,2025-03-18
17,"Garden Waste",26.33,2025-02-12
7,Textiles,47.72,2025-03-27
13,Others,19.76,2025-02-24
6,Textiles,42.50,2025-01-29
12,Glass,30.94,2025-03-19
6,"Oil and Grease",37.52,2025-04-10
6,Batteries,39.36,2025-03-17
10,"Oil and Grease",46.44,2025-04-14
10,Organic,19.46,2025-02-05
3,Wood,44.05,2025-01-30
7,Glass,44.20,2025-02-22
13,Metals,27.19,2025-04-07
17,Wood,41.94,2025-03-03
12,"Garden Waste",14.43,2025-02-14
12,Textiles,11.38,2025-02-25
10,"Medical Waste",28.07,2025-03-04
2,Glass,32.66,2025-04-02
14,Wood,41.58,2025-03-31
4,Chemicals,12.69,2025-04-11
10,"Medical Waste",48.70,2025-04-10
3,Wood,47.65,2025-03-24
4,Batteries,18.11,2025-02-21
2,Textiles,6.68,2025-02-01
16,Paper,46.38,2025-02-03
6,Others,41.76,2025-03-29
17,"Oil and Grease",28.14,2025-03-08
9,Others,49.24,2025-01-25
3,"Construction Debris",22.33,2025-04-12
10,Plastics,42.52,2025-04-16
5,Chemicals,28.72,2025-03-01
15,Metals,37.11,2025-03-31
2,Others,20.66,2025-03-31
13,Electronics,28.32,2025-03-31
9,Chemicals,25.11,2025-01-30
1,"Garden Waste",20.02,2025-03-22
4,Rubber,30.73,2025-03-01
15,"Medical Waste",9.92,2025-04-02
2,Rubber,38.70,2025-02-06
8,"Oil and Grease",12.38,2025-03-15
12,Paper,19.88,2025-03-15
2,"Food Waste",6.98,2025-04-04
15,"Garden Waste",10.60,2025-02-25
18,"Medical Waste",16.33,2025-03-25
16,Rubber,8.39,2025-03-27
16,Plastics,46.97,2025-03-11
15,Electronics,49.42,2025-04-12
9,"Garden Waste",22.27,2025-03-20
15,Organic,12.58,2025-02-18
18,Chemicals,41.71,2025-02-18
4,Chemicals,12.19,2025-03-21
4,Glass,49.75,2025-04-12
1,Metals,42.84,2025-04-08
17,Plastics,34.33,2025-03-31
8,"Construction Debris",34.70,2025-02-28
16,"Garden Waste",34.15,2025-02-21
17,"Construction Debris",34.92,2025-02-04
5,"Medical Waste",9.73,2025-02-11
17,"Medical Waste",28.94,2025-01-31
3,"Oil and Grease",33.96,2025-04-09
12,Electronics,46.30,2025-03-05
13,Plastics,8.14,2025-01-29
9,"Medical Waste",11.46,2025-02-06
15,Others,19.08,2025-02-11
16,Glass,12.05,2025-02-08
8,"Medical Waste",32.33,2025-03-18
1,Others,44.97,2025-04-03
14,Textiles,33.74,2025-02-11
17,Plastics,44.23,2025-04-05
2,Wood,42.82,2025-03-05
3,"Garden Waste",39.30,2025-02-28
18,"Food Waste",23.83,2025-03-07
11,"Food Waste",22.58,2025-02-17
9,Glass,45.29,2025-02-19
3,Metals,35.98,2025-03-24
14,Metals,36.03,2025-03-21
5,Batteries,28.66,2025-04-01
8,Electronics,37.21,2025-02-24
17,Wood,35.24,2025-01-31
18,Rubber,36.57,2025-02-19
11,Batteries,17.75,2025-03-31
8,"Garden Waste",6.28,2025-03-15
5,"Garden Waste",35.12,2025-03-21
4,"Construction Debris",41.52,2025-03-07
10,Textiles,48.66,2025-04-03
3,Others,25.69,2025-04-05
15,Plastics,22.20,2025-04-14
14,Batteries,31.12,2025-03-24
1,Paper,6.00,2025-01-31
2,Glass,13.19,2025-02-24
1,"Garden Waste",11.74,2025-03-18
8,"Oil and Grease",7.61,2025-04-08
13,Electronics,19.01,2025-04-08
10,"Oil and Grease",30.97,2025-04-05
2,Organic,27.26,2025-02-04
17,Plastics,14.16,2025-04-02
11,Organic,36.47,2025-01-28
11,Electronics,5.34,2025-04-12
8,"Food Waste",6.05,2025-02-26
6,"Food Waste",14.72,2025-02-03
7,"Garden Waste",16.35,2025-03-18
9,Electronics,17.05,2025-04-12
9,Glass,13.06,2025-02-27
8,"Garden Waste",28.36,2025-01-28
4,"Construction Debris",5.41,2025-02-01
12,Textiles,27.47,2025-03-10
11,Wood,46.44,2025-02-08
7,Rubber,47.51,2025-03-14
1,"Construction Debris",15.23,2025-02-04
15,Wood,23.64,2025-04-02
18,"Construction Debris",20.72,2025-02-18
11,Plastics,13.14,2025-03-10
4,"Medical Waste",19.54,2025-03-28
9,"Construction Debris",42.16,2025-02-05
12,"Garden Waste",35.83,2025-02-15
6,Textiles,24.59,2025-01-30
9,"Construction Debris",21.36,2025-02-13
8,"Medical Waste",42.93,2025-02-28
12,"Construction Debris",21.55,2025-02-25
4,"Oil and Grease",49.63,2025-04-15
2,"Construction Debris",24.22,2025-04-09
14,Rubber,43.07,2025-02-13
1,"Food Waste",49.89,2025-02-25
9,"Garden Waste",36.19,2025-03-31
1,Batteries,47.08,2025-02-01
9,"Expired Goods",34.04,2025-02-28
8,Plastics,45.40,2025-04-08
9,"Construction Debris",38.77,2025-02-21
7,Glass,42.56,2025-02-14
9,Plastics,30.70,2025-02-01
13,Wood,25.30,2025-02-15
11,Metals,49.78,2025-02-27
8,Textiles,23.63,2025-03-31
17,Metals,10.60,2025-02-27
18,"Food Waste",12.16,2025-01-29
4,Plastics,39.93,2025-04-11
13,"Oil and Grease",21.89,2025-03-17
8,Others,21.88,2025-03-29
8,Plastics,12.23,2025-03-29
18,Textiles,15.39,2025-03-20
9,"Medical Waste",33.14,2025-03-13
5,Paper,45.34,2025-03-03
15,Organic,6.77,2025-01-29
18,Others,32.15,2025-02-19
11,Rubber,13.85,2025-03-14
6,"Medical Waste",49.60,2025-02-27
10,Rubber,19.64,2025-02-13
8,Textiles,9.56,2025-04-03
1,Wood,26.77,2025-02-17
15,"Oil and Grease",9.56,2025-04-15
15,"Oil and Grease",10.70,2025-03-04
11,"Garden Waste",23.24,2025-03-10
13,Batteries,41.64,2025-04-10
14,Glass,30.00,2025-01-30
17,Wood,42.77,2025-04-15
3,Batteries,18.93,2025-04-01
7,Glass,25.87,2025-02-04
1,Wood,38.51,2025-03-22
16,Organic,20.57,2025-02-07
10,Others,7.48,2025-01-30
2,Metals,47.13,2025-02-20
3,"Garden Waste",33.51,2025-03-27
7,Paper,13.57,2025-02-04
17,Batteries,10.50,2025-02-08
15,Organic,38.64,2025-03-14
3,"Expired Goods",13.58,2025-02-01
18,Glass,46.57,2025-04-10
12,"Garden Waste",13.50,2025-03-10
5,Organic,19.78,2025-01-27
7,Rubber,43.73,2025-03-03
6,"Medical Waste",12.87,2025-04-14
16,Wood,33.57,2025-03-24
6,Electronics,15.65,2025-02-22
10,Batteries,31.51,2025-02-20
8,Rubber,35.75,2025-02-08
18,Organic,12.31,2025-02-19
7,"Expired Goods",48.63,2025-02-17
15,"Oil and Grease",29.95,2025-03-08
6,"Medical Waste",12.20,2025-04-14
18,Plastics,32.70,2025-02-28
5,Metals,13.90,2025-01-28
13,"Garden Waste",7.60,2025-04-14
12,Wood,47.69,2025-03-24
1,Batteries,18.53,2025-03-20
14,"Expired Goods",27.78,2025-03-26
16,"Garden Waste",31.47,2025-03-06
8,Glass,24.38,2025-03-06
6,Paper,43.53,2025-03-21
18,"Oil and Grease",6.44,2025-02-07
1,Textiles,27.63,2025-04-01
2,Paper,9.92,2025-02-26
1,Plastics,41.72,2025-03-27
8,"Garden Waste",40.44,2025-03-25
11,Textiles,5.06,2025-01-25
3,"Expired Goods",46.93,2025-01-27
6,Wood,37.11,2025-02-11
5,Wood,8.22,2025-03-13
17,Others,33.36,2025-01-30
2,Glass,45.96,2025-03-18
16,Batteries,45.86,2025-04-10
13,Batteries,33.45,2025-03-26
4,Others,19.37,2025-04-04
4,Rubber,28.83,2025-03-01
14,Plastics,6.76,2025-03-12
2,"Food Waste",25.13,2025-02-10
11,Batteries,29.03,2025-03-03
9,Plastics,33.47,2025-02-14
13,Chemicals,39.50,2025-03-31
12,Metals,34.51,2025-02-06
16,Metals,42.49,2025-03-21
2,"Garden Waste",22.59,2025-03-20
7,Electronics,26.31,2025-04-08
1,"Garden Waste",40.68,2025-02-03
10,Metals,17.21,2025-03-14
8,"Construction Debris",18.33,2025-03-21
4,Others,23.03,2025-03-11
6,"Garden Waste",16.58,2025-03-24
4,"Medical Waste",10.39,2025-01-27
18,"Food Waste",31.70,2025-04-02
18,Paper,48.48,2025-03-04
18,"Medical Waste",8.78,2025-03-26
12,Batteries,26.08,2025-02-06
2,Chemicals,21.85,2025-03-20
16,Others,35.86,2025-04-12
13,Others,21.91,2025-03-31
12,Batteries,39.30,2025-03-22
9,"Food Waste",42.90,2025-04-04
6,Electronics,38.97,2025-02-14
10,"Medical Waste",10.51,2025-02-14
12,"Construction Debris",40.15,2025-03-10
6,Organic,7.24,2025-03-03
13,"Medical Waste",37.41,2025-04-05
13,Electronics,33.02,2025-01-31
18,Plastics,42.20,2025-02-07
15,"Garden Waste",49.36,2025-02-28
13,"Garden Waste",5.30,2025-02-21
18,Electronics,34.18,2025-01-28
2,Others,41.49,2025-02-22
16,Glass,16.82,2025-03-14
10,Others,36.63,2025-01-30
8,Paper,47.26,2025-01-31
1,"Medical Waste",24.56,2025-02-05
5,Batteries,17.54,2025-04-01
14,"Construction Debris",16.49,2025-03-17
14,Paper,27.85,2025-02-04
7,Paper,6.41,2025-02-11
9,"Garden Waste",11.06,2025-04-04
6,"Garden Waste",39.41,2025-03-08
4,Wood,30.10,2025-04-14
8,Textiles,46.30,2025-03-20
18,Wood,32.87,2025-03-31
9,Others,6.28,2025-04-02
15,Batteries,28.42,2025-03-18
7,"Construction Debris",32.39,2025-03-27
9,Chemicals,44.12,2025-03-13
5,Rubber,44.11,2025-04-16
2,Plastics,34.11,2025-04-11
16,Wood,37.97,2025-03-19
7,Plastics,17.42,2025-03-24
13,Rubber,24.19,2025-04-03
10,Glass,14.42,2025-02-20
11,Electronics,19.16,2025-03-18
9,"Garden Waste",36.82,2025-02-22
2,Batteries,33.56,2025-03-01
13,"Medical Waste",7.26,2025-03-13
4,"Expired Goods",25.58,2025-02-15
14,Organic,10.87,2025-02-19
1,Organic,12.48,2025-02-08
14,Others,10.71,2025-02-06
4,"Garden Waste",24.20,2025-03-29
9,Organic,39.18,2025-03-14
17,Textiles,26.07,2025-01-30
7,Metals,21.80,2025-04-02
10,Chemicals,27.04,2025-02-28
12,Others,47.23,2025-04-16
15,"Food Waste",14.38,2025-02-11
14,Chemicals,36.67,2025-03-26
3,Organic,11.41,2025-04-03
6,Rubber,42.24,2025-03-07
6,Wood,14.94,2025-03-04
17,Metals,18.93,2025-03-18
17,Metals,38.10,2025-03-15
18,Glass,44.95,2025-02-13
18,"Medical Waste",8.09,2025-02-19
12,Paper,22.84,2025-02-05
2,"Medical Waste",46.45,2025-02-04
4,Wood,23.60,2025-03-06
5,Plastics,17.61,2025-04-16
17,"Medical Waste",8.18,2025-03-27
13,"Garden Waste",49.47,2025-02-11
17,Textiles,17.99,2025-03-29
9,"Garden Waste",29.08,2025-02-25
13,Metals,29.82,2025-04-10
4,Rubber,18.56,2025-04-05
7,"Oil and Grease",46.69,2025-02-18
7,Wood,24.54,2025-02-14
11,"Expired Goods",14.14,2025-02-27
8,Batteries,40.32,2025-03-17
17,"Expired Goods",6.39,2025-02-11
2,Plastics,34.12,2025-02-05
1,"Construction Debris",43.39,2025-02-01
3,Metals,17.28,2025-02-03
4,Metals,25.33,2025-02-05
9,Rubber,49.35,2025-02-04
10,Organic,7.43,2025-04-04
2,"Construction Debris",46.54,2025-02-01
2,"Oil and Grease",9.85,2025-04-05
14,Chemicals,29.69,2025-01-28
13,Wood,25.37,2025-02-18
18,Glass,40.29,2025-04-15
10,Others,46.49,2025-02-13
3,Others,43.63,2025-03-01
12,Textiles,41.86,2025-04-04
13,Paper,29.23,2025-02-17
3,"Expired Goods",45.16,2025-03-26
5,Paper,42.31,2025-02-03
5,"Garden Waste",24.17,2025-03-20
4,Electronics,11.02,2025-01-30
13,"Garden Waste",10.59,2025-02-26
8,Plastics,39.87,2025-04-12
9,Batteries,32.62,2025-03-28
6,Others,17.51,2025-04-03
17,Organic,43.18,2025-01-25
12,Chemicals,34.97,2025-02-15
6,Rubber,44.83,2025-03-24
13,Others,22.77,2025-03-27
13,Glass,19.63,2025-03-06
11,"Oil and Grease",39.19,2025-02-15
11,Batteries,18.91,2025-04-05
11,Textiles,32.96,2025-02-11
16,"Garden Waste",19.10,2025-02-07
16,Glass,44.13,2025-04-05
8,Rubber,34.46,2025-03-10
18,Glass,36.73,2025-03-22
16,Metals,12.03,2025-03-25
15,"Food Waste",17.66,2025-03-06
15,"Medical Waste",29.91,2025-02-03
5,Batteries,21.75,2025-03-14
7,Metals,10.35,2025-03-13
3,"Construction Debris",44.95,2025-04-08
11,Electronics,46.95,2025-04-12
3,Plastics,12.02,2025-02-11
16,"Medical Waste",22.27,2025-02-10
11,Textiles,40.50,2025-03-19
9,Organic,8.31,2025-02-04
12,"Construction Debris",47.45,2025-04-02
4,Others,9.46,2025-01-27
4,Metals,18.42,2025-03-15
6,Glass,40.60,2025-04-10
15,Plastics,5.05,2025-02-13
4,Metals,49.11,2025-02-20
18,Textiles,44.13,2025-04-16
14,Electronics,6.07,2025-03-13
6,Wood,6.13,2025-01-28
3,Rubber,49.76,2025-03-24
12,Metals,32.29,2025-04-14
4,Wood,10.86,2025-03-25
18,Textiles,29.62,2025-04-12
12,"Medical Waste",16.17,2025-02-12
1,Rubber,32.78,2025-02-13
3,Others,17.56,2025-04-03
18,Electronics,9.33,2025-04-09
5,Plastics,11.13,2025-03-22
5,"Garden Waste",8.30,2025-04-10
3,Wood,48.31,2025-02-18
18,Batteries,24.85,2025-03-24
10,"Oil and Grease",11.26,2025-04-14
8,"Garden Waste",42.58,2025-04-03
16,"Food Waste",12.92,2025-04-02
11,"Construction Debris",31.20,2025-03-06
13,Organic,30.03,2025-02-08
16,Chemicals,35.94,2025-02-20
11,Textiles,30.33,2025-02-25
8,Paper,31.78,2025-03-17
17,"Medical Waste",13.54,2025-03-13
16,Metals,10.05,2025-04-05
10,Glass,16.44,2025-03-17
2,"Construction Debris",25.94,2025-02-05
3,Paper,24.99,2025-04-02
9,"Construction Debris",6.26,2025-02-05
7,"Expired Goods",32.70,2025-03-15
14,Paper,16.61,2025-01-28
18,"Food Waste",41.13,2025-02-08
8,Batteries,24.38,2025-02-10
3,Wood,15.80,2025-04-02
14,Others,48.46,2025-04-01
18,"Garden Waste",6.70,2025-02-25
17,Chemicals,32.30,2025-02-01
2,"Construction Debris",37.03,2025-02-11
15,Batteries,44.13,2025-02-03
3,"Expired Goods",24.94,2025-03-22
13,Others,7.82,2025-01-30
3,"Oil and Grease",18.74,2025-01-28
16,Rubber,22.49,2025-02-20
8,Glass,33.12,2025-03-01
18,Textiles,28.97,2025-02-13
3,Glass,26.72,2025-03-31
11,Organic,46.43,2025-02-04
3,Glass,29.61,2025-01-30
17,Wood,5.88,2025-02-25
1,Electronics,41.38,2025-02-01
1,"Construction Debris",25.98,2025-02-10
18,"Expired Goods",38.04,2025-01-27
2,Paper,41.79,2025-02-21
9,Others,39.38,2025-03-03
10,Metals,42.79,2025-03-04
8,Organic,9.65,2025-03-20
1,Metals,28.57,2025-04-07
12,Batteries,22.42,2025-02-20
2,"Construction Debris",32.68,2025-03-04
18,Textiles,11.17,2025-02-10
18,Chemicals,12.70,2025-03-07
10,Others,45.85,2025-04-12
17,"Food Waste",32.42,2025-02-19
5,Rubber,47.08,2025-01-28
8,Glass,35.34,2025-03-17
2,Paper,28.77,2025-03-05
14,Chemicals,41.54,2025-03-05
10,Others,28.27,2025-02-07
7,Electronics,22.80,2025-03-29
3,Electronics,47.92,2025-03-18
4,Textiles,7.24,2025-02-01
11,Organic,12.85,2025-03-15
16,Glass,22.11,2025-02-17
17,Chemicals,7.75,2025-02-03
12,Batteries,35.10,2025-03-21
11,"Medical Waste",5.61,2025-04-14
17,"Construction Debris",21.15,2025-02-26
17,Batteries,49.52,2025-02-11
18,Batteries,28.80,2025-04-16
9,"Food Waste",43.46,2025-02-05
7,Batteries,14.93,2025-02-18
9,Metals,41.65,2025-01-28
4,"Oil and Grease",28.20,2025-03-24
4,Rubber,15.49,2025-04-10
9,Paper,37.93,2025-02-20
11,Electronics,6.40,2025-03-17
5,"Oil and Grease",25.01,2025-04-01
10,Batteries,24.28,2025-03-04
9,Electronics,22.17,2025-04-14
15,Glass,12.63,2025-03-12
18,"Oil and Grease",6.73,2025-03-12
7,Electronics,29.28,2025-02-14
18,"Oil and Grease",34.11,2025-03-03
12,Organic,38.26,2025-03-20
8,"Expired Goods",33.01,2025-03-06
3,"Construction Debris",6.29,2025-03-22
17,"Construction Debris",13.27,2025-02-03
6,"Oil and Grease",12.20,2025-03-04
12,Wood,16.66,2025-04-14
11,"Expired Goods",47.98,2025-03-25
7,Paper,33.11,2025-02-27
10,Wood,46.27,2025-03-29
10,"Expired Goods",20.80,2025-04-09
7,"Medical Waste",19.51,2025-03-21
10,Paper,31.89,2025-03-05
17,"Food Waste",30.84,2025-02-19
18,"Expired Goods",6.14,2025-02-01
11,Others,48.61,2025-03-06
7,"Medical Waste",11.70,2025-02-26
6,Paper,32.54,2025-01-29
11,Glass,49.37,2025-02-25
3,Chemicals,37.28,2025-03-03
13,"Medical Waste",7.66,2025-02-15
15,"Expired Goods",29.98,2025-03-19
13,Chemicals,23.52,2025-03-31
17,Electronics,45.52,2025-02-04
11,"Oil and Grease",22.73,2025-02-25
3,Rubber,7.84,2025-02-11
11,"Garden Waste",12.18,2025-03-12
13,Textiles,11.59,2025-02-19
12,"Medical Waste",42.06,2025-02-20
15,Textiles,35.67,2025-03-31
17,"Oil and Grease",33.79,2025-04-12
4,Wood,22.21,2025-03-17
17,Textiles,20.72,2025-02-17
3,"Garden Waste",48.77,2025-04-05
3,Electronics,24.04,2025-01-25
8,"Garden Waste",10.60,2025-02-22
7,"Medical Waste",8.50,2025-03-20
10,Plastics,30.22,2025-03-27
15,Glass,40.71,2025-04-02
14,"Expired Goods",18.24,2025-02-08
18,Wood,9.35,2025-03-29
15,"Food Waste",33.43,2025-04-11
8,Plastics,19.37,2025-02-05
15,Rubber,16.17,2025-02-12
13,Organic,5.79,2025-02-10
10,Batteries,44.17,2025-03-20
13,"Food Waste",20.31,2025-02-12
11,Wood,15.91,2025-04-11
5,Batteries,49.06,2025-04-16
12,Paper,31.05,2025-02-18
18,"Construction Debris",21.78,2025-03-25
13,Glass,36.91,2025-03-28
14,Metals,31.55,2025-03-11
13,Plastics,22.46,2025-02-08
18,Glass,13.74,2025-03-24
10,Others,12.05,2025-03-13
1,Rubber,9.08,2025-04-09
4,Organic,47.26,2025-03-01
16,Plastics,41.39,2025-04-10
8,Textiles,35.08,2025-03-28
1,"Food Waste",32.14,2025-04-02
9,Batteries,26.93,2025-04-12
4,Metals,9.74,2025-02-28
1,Plastics,26.17,2025-02-10
12,"Food Waste",33.75,2025-03-05
12,Organic,11.04,2025-03-17
15,Rubber,23.51,2025-03-13
12,Glass,17.90,2025-04-10
18,"Oil and Grease",49.20,2025-03-25
18,Organic,7.39,2025-03-25
17,Batteries,40.51,2025-02-20
9,Batteries,13.58,2025-02-01
4,"Oil and Grease",20.96,2025-03-21
5,Rubber,13.75,2025-03-24
8,"Food Waste",12.24,2025-03-20
11,Batteries,10.43,2025-01-27
15,Rubber,32.00,2025-03-05
9,"Medical Waste",35.61,2025-01-27
2,Organic,25.52,2025-02-01
9,"Medical Waste",20.86,2025-03-15
1,"Garden Waste",19.12,2025-02-14
6,Paper,32.87,2025-01-30
1,Plastics,26.65,2025-03-04
1,Textiles,25.86,2025-04-10
16,Wood,40.92,2025-03-06
2,Textiles,31.75,2025-03-31
18,Plastics,5.43,2025-01-31
17,Batteries,37.59,2025-02-13
17,"Garden Waste",12.35,2025-02-17
12,"Food Waste",14.68,2025-03-24
4,Electronics,47.49,2025-04-12
1,Metals,20.76,2025-01-31
3,Others,36.66,2025-03-22
17,Paper,5.28,2025-03-27
6,Chemicals,34.63,2025-02-13
14,"Expired Goods",37.35,2025-03-06
17,Batteries,24.30,2025-02-27
8,Textiles,23.64,2025-02-05
1,"Medical Waste",40.19,2025-04-04
4,Textiles,27.92,2025-02-19
11,Organic,46.73,2025-02-20
11,Textiles,28.95,2025-02-13
2,"Medical Waste",39.28,2025-01-31
2,"Garden Waste",6.71,2025-02-28
9,Organic,49.02,2025-02-01
9,Chemicals,44.23,2025-04-04
9,Metals,24.45,2025-04-03
9,Chemicals,14.67,2025-02-11
2,Organic,43.49,2025-03-03
4,Others,41.86,2025-02-13
18,Metals,26.34,2025-01-28
10,"Oil and Grease",24.15,2025-03-18
14,Textiles,44.36,2025-02-07
12,Organic,8.36,2025-01-28
10,Others,45.98,2025-03-21
13,Batteries,33.21,2025-02-04
11,"Expired Goods",44.01,2025-04-05
2,Organic,6.28,2025-02-20
3,Paper,49.39,2025-01-28
11,Plastics,7.96,2025-03-25
10,"Medical Waste",18.85,2025-02-27
18,Wood,27.88,2025-03-31
4,Organic,14.57,2025-04-16
12,Batteries,34.70,2025-02-07
12,Batteries,29.82,2025-04-09
11,Metals,36.65,2025-04-01
16,"Food Waste",31.25,2025-03-08
9,Batteries,40.66,2025-03-31
9,Wood,38.25,2025-01-29
1,"Garden Waste",26.37,2025-03-26
4,Wood,20.36,2025-02-03
13,"Medical Waste",11.00,2025-02-17
16,Paper,11.21,2025-03-27
2,Electronics,49.56,2025-03-19
8,"Food Waste",12.08,2025-02-07
17,Plastics,13.29,2025-02-08
17,"Expired Goods",7.67,2025-02-05
14,Chemicals,5.50,2025-01-30
16,Batteries,15.68,2025-02-05
4,"Construction Debris",15.13,2025-04-05
14,Glass,15.05,2025-03-04
16,"Construction Debris",44.74,2025-03-29
11,"Oil and Grease",33.34,2025-04-04
11,"Food Waste",49.52,2025-02-24
3,"Expired Goods",41.63,2025-03-05
16,Rubber,24.73,2025-03-12
6,"Medical Waste",34.60,2025-03-10
8,Glass,26.82,2025-02-08
12,"Garden Waste",32.58,2025-02-03
15,Others,11.30,2025-03-28
12,"Expired Goods",14.02,2025-03-26
12,Rubber,40.21,2025-03-03
2,Rubber,39.90,2025-03-29
1,Organic,44.79,2025-02-10
7,Others,22.02,2025-04-01
9,Rubber,16.13,2025-03-24
7,Metals,45.15,2025-02-01
8,"Expired Goods",22.96,2025-02-11
16,"Oil and Grease",12.64,2025-02-14
13,Organic,26.69,2025-02-26
18,Plastics,19.07,2025-02-07
13,Chemicals,15.38,2025-03-06
3,"Medical Waste",33.75,2025-03-26
18,Wood,36.14,2025-02-15
1,Others,48.22,2025-02-10
15,"Medical Waste",15.58,2025-04-16
2,"Medical Waste",31.58,2025-01-31
18,"Construction Debris",26.46,2025-04-07
8,"Construction Debris",47.90,2025-04-16
18,Glass,44.23,2025-02-12
16,Textiles,14.40,2025-01-30
4,Metals,39.58,2025-03-19
8,Others,46.58,2025-02-07
17,Rubber,45.62,2025-02-26
14,Plastics,25.82,2025-03-18
16,"Oil and Grease",45.98,2025-03-10
2,"Expired Goods",11.61,2025-02-03
12,Electronics,21.67,2025-03-14
1,Batteries,17.80,2025-03-29
8,"Medical Waste",40.23,2025-03-11
6,Others,7.45,2025-02-26
11,"Oil and Grease",49.70,2025-03-14
12,"Food Waste",7.16,2025-02-18
10,"Oil and Grease",48.71,2025-02-15
10,Textiles,7.95,2025-02-19
10,"Construction Debris",38.89,2025-02-12
9,Glass,29.29,2025-03-07
17,Others,17.92,2025-02-07
9,Glass,35.45,2025-02-07
9,Metals,26.94,2025-02-06
12,Organic,46.21,2025-03-19
4,Chemicals,35.64,2025-01-30
17,"Expired Goods",13.70,2025-03-17
8,Textiles,41.01,2025-02-05
17,Wood,31.14,2025-01-29
8,"Construction Debris",9.67,2025-02-22
12,Paper,31.88,2025-04-02
11,"Expired Goods",38.30,2025-01-30
5,Organic,35.52,2025-04-08
11,"Expired Goods",31.36,2025-02-01
6,Batteries,43.80,2025-03-31
11,Rubber,39.53,2025-03-07
12,Textiles,30.39,2025-02-17
11,Textiles,17.98,2025-03-03
16,Chemicals,22.89,2025-01-31
2,"Garden Waste",21.47,2025-04-02
5,"Oil and Grease",28.82,2025-01-29
11,"Food Waste",25.82,2025-03-19
13,Wood,8.77,2025-03-19
8,Others,33.34,2025-03-07
14,Glass,34.01,2025-01-30
8,Electronics,25.97,2025-02-25
17,"Food Waste",33.81,2025-02-20
18,"Medical Waste",43.99,2025-03-22
18,Organic,25.76,2025-01-25
13,Textiles,6.11,2025-02-11
16,Organic,46.20,2025-03-21
9,"Medical Waste",25.67,2025-04-05
5,"Food Waste",12.47,2025-03-24
3,Batteries,6.70,2025-04-10
9,Batteries,26.33,2025-02-19
16,Chemicals,17.61,2025-04-05
1,Wood,38.81,2025-03-25
8,Glass,30.17,2025-03-28
1,Batteries,8.62,2025-04-12
13,Glass,13.01,2025-02-17
2,Electronics,39.83,2025-03-05
4,"Expired Goods",21.43,2025-03-11
4,Batteries,38.62,2025-02-05
18,"Medical Waste",30.97,2025-02-03
3,Textiles,39.94,2025-04-09
10,"Garden Waste",47.79,2025-03-21
6,Plastics,12.52,2025-03-26
2,"Oil and Grease",36.19,2025-03-20
10,Chemicals,23.61,2025-03-01
17,"Medical Waste",48.24,2025-03-11
15,"Food Waste",46.06,2025-01-30
10,"Medical Waste",28.84,2025-03-05
17,Batteries,7.82,2025-02-25
8,Organic,31.75,2025-02-27
7,Metals,27.30,2025-03-20
12,Textiles,49.67,2025-04-04
18,Batteries,35.49,2025-02-05
6,Others,37.89,2025-04-07
6,"Garden Waste",30.84,2025-01-31
4,Rubber,39.18,2025-03-11
17,Electronics,15.02,2025-02-28
14,"Oil and Grease",21.06,2025-03-25
17,"Garden Waste",29.50,2025-02-20
14,"Medical Waste",6.93,2025-02-04
2,"Oil and Grease",37.51,2025-03-27
8,"Expired Goods",43.43,2025-02-17
14,Metals,28.53,2025-02-03
13,"Oil and Grease",5.16,2025-03-17
9,"Expired Goods",13.08,2025-02-19
16,Plastics,46.72,2025-02-14
16,Batteries,47.14,2025-02-10
17,Metals,16.11,2025-04-09
10,"Expired Goods",36.83,2025-04-04
10,Organic,41.92,2025-01-31
9,Chemicals,19.43,2025-03-31
18,Others,11.03,2025-03-21
13,"Medical Waste",37.03,2025-02-15
12,Metals,17.86,2025-01-25
12,Wood,41.57,2025-03-08
13,Metals,5.27,2025-04-02
5,Wood,26.06,2025-01-29
15,"Medical Waste",45.01,2025-02-27
15,Batteries,35.51,2025-02-13
17,"Food Waste",18.74,2025-03-18
4,Paper,5.21,2025-02-20
4,Electronics,48.13,2025-03-22
1,"Medical Waste",18.68,2025-02-28
3,"Expired Goods",46.79,2025-03-26
11,Others,40.67,2025-02-11
13,Others,20.85,2025-03-07
14,Batteries,8.65,2025-02-08
13,Plastics,9.35,2025-03-01
9,"Medical Waste",37.77,2025-04-03
1,Chemicals,46.08,2025-03-29
2,"Construction Debris",25.26,2025-04-07
12,Organic,30.50,2025-03-14
17,Rubber,7.33,2025-04-08
11,Paper,9.67,2025-01-25
8,Electronics,38.81,2025-03-04
2,Rubber,24.52,2025-04-02
11,Others,24.79,2025-02-08
8,"Expired Goods",20.71,2025-02-26
9,Metals,41.38,2025-04-01
5,Electronics,44.15,2025-04-12
12,Rubber,34.83,2025-03-01
12,Plastics,44.61,2025-02-25
10,Plastics,16.76,2025-02-21
6,"Oil and Grease",45.64,2025-02-04
13,Organic,9.19,2025-04-10
4,"Expired Goods",23.98,2025-04-16
4,Paper,22.83,2025-02-28
11,Batteries,23.75,2025-02-28
18,Textiles,34.34,2025-03-29
3,Plastics,6.82,2025-04-01
12,Textiles,33.76,2025-02-26
12,Glass,41.04,2025-02-12
17,Batteries,40.66,2025-01-27
13,"Garden Waste",22.00,2025-03-28
7,Wood,49.44,2025-03-05
17,Electronics,24.33,2025-03-04
6,Electronics,35.71,2025-03-05
2,"Medical Waste",47.27,2025-02-15
18,Others,15.70,2025-03-26
13,"Food Waste",16.29,2025-02-24
4,Paper,41.03,2025-01-25
1,Paper,9.37,2025-02-10
12,"Oil and Grease",20.85,2025-04-09
14,Batteries,20.79,2025-02-26
13,Organic,38.20,2025-03-10
1,Plastics,21.60,2025-03-18
18,Rubber,37.84,2025-04-12
7,Wood,48.79,2025-03-31
2,"Expired Goods",38.37,2025-04-07
7,Textiles,17.48,2025-04-14
6,"Medical Waste",37.47,2025-03-11
12,Metals,33.49,2025-02-12
4,Metals,34.47,2025-04-03
2,Chemicals,18.64,2025-02-18
3,"Construction Debris",9.40,2025-02-04
7,Textiles,39.87,2025-03-25
8,Plastics,20.71,2025-04-10
18,Electronics,47.53,2025-03-19
11,Organic,35.92,2025-03-05
13,Organic,48.34,2025-03-11
2,Others,10.34,2025-03-25
4,Electronics,15.58,2025-02-25
13,"Expired Goods",38.91,2025-03-13
18,Glass,22.14,2025-02-05
10,Paper,48.30,2025-04-03
9,"Oil and Grease",11.31,2025-03-11
13,Others,26.31,2025-02-22
17,Batteries,20.14,2025-03-05
10,Glass,39.91,2025-04-16
10,Batteries,26.72,2025-02-04
9,"Expired Goods",33.18,2025-03-29
16,"Food Waste",7.07,2025-03-31
17,Electronics,48.96,2025-04-01
18,"Garden Waste",41.38,2025-01-27
15,Others,10.08,2025-03-12
15,Paper,33.24,2025-02-18
11,Rubber,40.81,2025-04-07
10,Batteries,7.16,2025-02-13
11,Batteries,43.62,2025-03-01
8,Electronics,45.71,2025-02-24
18,Wood,13.33,2025-03-26
10,Chemicals,45.05,2025-01-27
2,Wood,39.91,2025-03-22
11,Batteries,28.27,2025-04-02
1,Paper,45.06,2025-04-04
6,Textiles,10.47,2025-02-10
4,Others,21.37,2025-03-21
14,Textiles,26.93,2025-04-04
17,Batteries,34.45,2025-03-31
16,"Expired Goods",6.97,2025-03-17
14,"Oil and Grease",36.89,2025-03-24
2,Textiles,24.95,2025-03-29
17,Electronics,19.29,2025-04-14
18,Chemicals,21.82,2025-03-18
17,"Expired Goods",19.63,2025-02-28
15,Electronics,37.69,2025-03-05
1,Glass,17.77,2025-03-26
11,Others,12.19,2025-01-29
14,Electronics,5.33,2025-03-20
12,Organic,31.75,2025-04-15
13,Others,41.23,2025-01-27
10,Chemicals,21.27,2025-02-19
12,"Construction Debris",24.54,2025-02-01
18,Electronics,31.54,2025-02-14
3,"Garden Waste",47.26,2025-02-24
3,Electronics,13.61,2025-02-01
17,"Medical Waste",40.74,2025-02-13
11,"Food Waste",42.79,2025-03-26
3,Wood,25.37,2025-02-24
1,"Oil and Grease",27.67,2025-03-01
10,"Construction Debris",8.60,2025-02-07
10,Metals,6.33,2025-02-19
1,Batteries,26.14,2025-03-28
9,Wood,39.55,2025-02-19
18,Others,26.14,2025-02-11
14,Batteries,6.64,2025-03-13
11,Glass,7.13,2025-02-28
15,Wood,49.04,2025-03-03
4,"Expired Goods",17.04,2025-03-06
7,"Garden Waste",19.11,2025-03-05
8,Rubber,8.23,2025-02-13
7,"Oil and Grease",5.60,2025-02-26
17,Paper,27.38,2025-02-17
4,Wood,31.99,2025-03-21
9,Plastics,39.09,2025-01-25
17,"Construction Debris",15.27,2025-02-07
9,Organic,23.31,2025-02-13
4,"Oil and Grease",47.52,2025-03-05
11,"Medical Waste",33.58,2025-01-25
17,Organic,10.80,2025-04-15
8,Textiles,28.93,2025-02-03
14,Wood,34.26,2025-02-01
10,Wood,46.27,2025-04-10
15,"Garden Waste",23.82,2025-03-21
1,Chemicals,15.53,2025-03-21
6,Glass,5.77,2025-02-20
8,"Oil and Grease",27.94,2025-03-29
9,Glass,17.30,2025-03-10
1,"Expired Goods",29.13,2025-02-15
16,Textiles,12.64,2025-02-11
11,"Medical Waste",31.30,2025-01-27
6,Plastics,40.23,2025-04-12
11,"Food Waste",42.14,2025-01-30
10,"Garden Waste",46.68,2025-04-11
10,Wood,7.30,2025-02-24
16,"Medical Waste",23.90,2025-03-17
14,Metals,49.12,2025-03-21
8,"Garden Waste",7.97,2025-02-25
1,"Construction Debris",36.63,2025-03-18
10,Plastics,43.15,2025-04-14
5,Batteries,44.57,2025-03-13
18,Others,28.77,2025-02-07
4,"Food Waste",10.30,2025-02-03
14,"Construction Debris",9.57,2025-03-29
5,Plastics,11.63,2025-02-28
9,Others,35.85,2025-02-18
14,Organic,42.85,2025-02-18
12,"Garden Waste",26.16,2025-03-29
8,"Food Waste",32.86,2025-03-31
16,Chemicals,48.07,2025-03-17
5,Paper,17.47,2025-04-05
11,"Medical Waste",48.81,2025-03-10
17,"Expired Goods",23.58,2025-03-11
4,"Expired Goods",43.09,2025-02-22
2,"Construction Debris",5.16,2025-03-27
18,Electronics,18.20,2025-04-05
16,"Construction Debris",31.43,2025-03-12
13,"Expired Goods",22.04,2025-03-07
13,Organic,28.43,2025-04-07
15,"Oil and Grease",32.51,2025-01-25
15,Organic,44.14,2025-01-31
8,Textiles,18.88,2025-02-19
7,Batteries,8.98,2025-04-12
6,Paper,28.18,2025-03-24
11,Paper,13.98,2025-04-03
2,"Food Waste",32.73,2025-02-15
9,Textiles,25.49,2025-04-16
16,Rubber,39.01,2025-02-13
13,Plastics,23.43,2025-02-19
8,Others,36.12,2025-03-27
10,Rubber,40.35,2025-01-29
4,Textiles,30.54,2025-03-28
12,"Oil and Grease",10.08,2025-03-01
3,Wood,35.04,2025-04-11
13,Paper,31.75,2025-03-05
6,"Medical Waste",40.51,2025-02-17
17,Wood,22.90,2025-02-18
16,Batteries,5.02,2025-02-20
11,"Medical Waste",5.30,2025-01-29
11,Organic,36.44,2025-01-31
16,Chemicals,8.36,2025-02-17
8,"Garden Waste",8.71,2025-02-13
15,"Construction Debris",23.71,2025-04-11
16,Batteries,46.83,2025-02-27
18,"Construction Debris",38.55,2025-03-13
12,Glass,35.14,2025-03-28
17,"Expired Goods",34.02,2025-02-21
5,"Oil and Grease",49.95,2025-03-12
13,Rubber,49.90,2025-03-18
1,Textiles,30.75,2025-03-19
5,"Expired Goods",30.48,2025-04-08
8,Wood,40.27,2025-02-21
18,"Food Waste",40.68,2025-03-20
18,Organic,42.97,2025-04-11
16,Chemicals,45.43,2025-02-10
14,Paper,24.75,2025-03-12
11,"Garden Waste",10.38,2025-04-14
6,"Construction Debris",46.32,2025-04-09
8,Batteries,18.51,2025-02-18
2,"Medical Waste",41.13,2025-03-29
18,Glass,34.64,2025-04-16
9,Organic,21.85,2025-03-20
18,"Expired Goods",23.69,2025-03-01
15,Metals,36.36,2025-02-11
7,Wood,21.54,2025-04-04
6,Batteries,39.69,2025-03-27
7,Organic,28.95,2025-02-13
13,Textiles,20.56,2025-02-24
17,"Food Waste",37.71,2025-04-16
8,"Garden Waste",16.00,2025-02-17
10,Wood,28.84,2025-04-12
13,"Oil and Grease",32.25,2025-02-11
12,Textiles,23.70,2025-03-13
17,"Construction Debris",31.13,2025-02-11
13,Chemicals,26.20,2025-02-25
11,Others,6.74,2025-04-05
12,Textiles,25.11,2025-04-02
2,Plastics,30.27,2025-03-27
18,Others,35.89,2025-02-15
7,"Food Waste",47.48,2025-03-24
10,Organic,6.04,2025-04-03
2,Wood,16.37,2025-04-08
14,Paper,31.51,2025-04-08
2,Electronics,16.72,2025-04-02
14,Electronics,12.66,2025-03-24
9,"Food Waste",19.68,2025-02-03
4,Paper,34.71,2025-04-05
6,Metals,11.41,2025-03-25
7,Organic,11.63,2025-01-30
12,Rubber,43.31,2025-03-14
17,Batteries,37.93,2025-03-17
3,Rubber,34.14,2025-02-26
17,Rubber,34.28,2025-02-22
9,Organic,35.79,2025-04-01
9,"Food Waste",19.22,2025-04-03
8,Plastics,33.58,2025-02-17
18,"Expired Goods",44.05,2025-04-09
13,Plastics,31.47,2025-03-12
14,"Medical Waste",37.18,2025-02-17
10,Batteries,43.01,2025-03-18
13,Glass,23.06,2025-03-07
9,Glass,36.06,2025-03-06
10,Organic,12.40,2025-02-05
16,"Medical Waste",5.65,2025-04-12
7,Textiles,22.14,2025-03-07
6,Electronics,49.51,2025-03-31
18,"Medical Waste",8.69,2025-04-12
7,Chemicals,5.52,2025-02-12
10,Metals,28.31,2025-03-21
1,"Expired Goods",16.18,2025-04-03
3,Glass,22.95,2025-04-07
3,"Construction Debris",46.26,2025-01-30
6,"Garden Waste",11.03,2025-04-09
17,"Food Waste",12.52,2025-03-29
3,"Medical Waste",15.61,2025-02-13
14,"Garden Waste",43.54,2025-03-22
2,"Expired Goods",41.97,2025-03-22
1,Others,8.04,2025-03-05
4,Organic,17.23,2025-04-10
11,"Construction Debris",26.86,2025-02-19
12,Textiles,5.81,2025-02-05
12,Wood,42.86,2025-04-14
11,Wood,17.23,2025-03-27
12,Metals,5.44,2025-02-06
7,Electronics,13.76,2025-04-02
14,Others,49.98,2025-02-11
13,Metals,22.60,2025-04-09
13,Paper,38.89,2025-02-05
17,Organic,29.47,2025-02-28
6,Batteries,6.18,2025-02-03
9,"Medical Waste",10.06,2025-03-14
4,Others,18.10,2025-02-18
10,"Construction Debris",29.03,2025-03-14
17,Glass,40.32,2025-02-27
4,Paper,30.81,2025-03-27
9,"Medical Waste",9.71,2025-04-03
3,"Expired Goods",17.95,2025-02-25
5,Textiles,45.57,2025-03-19
3,Textiles,44.41,2025-04-03
17,Rubber,7.93,2025-04-01
10,Batteries,45.36,2025-03-06
7,Batteries,11.21,2025-01-30
11,Paper,18.74,2025-03-21
10,Organic,19.13,2025-03-15
5,"Medical Waste",9.23,2025-02-14
11,Metals,48.55,2025-03-20
1,Paper,35.84,2025-04-07
18,Wood,42.73,2025-03-25
5,Textiles,9.45,2025-04-10
8,Others,41.57,2025-02-10
3,Plastics,26.27,2025-03-28
7,Metals,49.58,2025-04-05
17,"Expired Goods",49.72,2025-03-14
16,Electronics,27.44,2025-03-17
11,Organic,7.61,2025-02-06
18,Chemicals,21.44,2025-03-01
4,"Medical Waste",20.45,2025-01-27
9,Organic,47.08,2025-04-16
12,Plastics,46.91,2025-03-20
6,"Expired Goods",26.27,2025-02-08
8,"Food Waste",24.90,2025-03-17
9,Wood,21.90,2025-04-10
18,"Garden Waste",32.11,2025-02-13
12,Paper,45.08,2025-04-14
11,Paper,30.83,2025-02-22
10,Glass,43.65,2025-03-07
3,Batteries,13.41,2025-03-01
8,"Construction Debris",30.34,2025-03-14
9,Batteries,29.56,2025-02-14
2,"Construction Debris",29.01,2025-01-30
11,Metals,7.87,2025-02-10
3,Wood,44.16,2025-02-14
1,Metals,18.51,2025-03-03
7,Textiles,9.57,2025-02-21
1,Wood,16.26,2025-02-22
15,Organic,10.00,2025-02-10
6,Batteries,16.56,2025-02-17
13,Others,41.36,2025-03-15
3,Wood,13.32,2025-02-24
5,Batteries,47.62,2025-03-15
6,Paper,22.99,2025-02-20
4,Paper,30.63,2025-03-20
7,"Medical Waste",20.77,2025-02-27
15,Batteries,41.59,2025-04-12
14,"Expired Goods",26.33,2025-02-28
17,Wood,44.91,2025-03-11
14,"Food Waste",47.77,2025-03-07
16,Others,13.05,2025-03-29
13,"Oil and Grease",25.46,2025-02-26
15,"Oil and Grease",34.73,2025-04-15
4,Batteries,48.41,2025-03-31
17,Electronics,25.55,2025-03-18
17,Rubber,20.74,2025-04-11
16,Plastics,37.42,2025-01-29
13,Rubber,20.32,2025-03-01
3,Plastics,9.54,2025-01-25
1,"Food Waste",48.00,2025-02-01
4,"Garden Waste",9.02,2025-03-05
3,"Medical Waste",19.57,2025-02-24
5,"Construction Debris",18.71,2025-02-03
9,"Garden Waste",43.67,2025-03-24
13,Organic,22.28,2025-01-27
14,Glass,20.67,2025-02-08
8,"Food Waste",26.82,2025-02-07
1,Metals,5.52,2025-03-26
11,"Garden Waste",6.12,2025-04-05
11,Chemicals,8.29,2025-04-08
8,"Oil and Grease",16.31,2025-02-27
6,Rubber,20.45,2025-03-29
8,Metals,46.33,2025-03-24
11,Organic,44.84,2025-01-25
7,Wood,32.03,2025-03-25
4,Rubber,15.26,2025-02-17
5,"Food Waste",27.07,2025-03-21
16,"Oil and Grease",31.15,2025-02-10
6,"Food Waste",35.34,2025-03-22
3,"Expired Goods",25.39,2025-02-01
12,"Food Waste",16.97,2025-04-07
13,Metals,8.27,2025-03-26
8,Textiles,10.85,2025-01-29
10,Chemicals,35.82,2025-01-27
1,"Medical Waste",44.12,2025-04-12
3,"Garden Waste",7.72,2025-03-03
15,Others,8.65,2025-03-13
7,Wood,27.41,2025-02-17
12,Rubber,35.15,2025-04-03
16,Paper,27.27,2025-04-04
1,Electronics,16.93,2025-03-31
16,Metals,37.89,2025-02-10
1,Chemicals,7.54,2025-03-19
7,"Expired Goods",11.90,2025-03-06
1,Metals,27.89,2025-04-11
7,Textiles,34.64,2025-03-07
7,Batteries,43.73,2025-03-21
9,Plastics,7.74,2025-02-05
8,Rubber,36.76,2025-02-17
7,Chemicals,18.51,2025-04-12
6,Organic,30.73,2025-02-04
7,Batteries,34.60,2025-03-24
6,Textiles,16.11,2025-02-15
6,Batteries,15.87,2025-02-11
5,Plastics,44.91,2025-04-10
4,Paper,26.74,2025-02-12
10,"Food Waste",11.84,2025-02-17
13,Textiles,8.28,2025-02-03
10,"Expired Goods",18.63,2025-03-27
7,"Construction Debris",45.00,2025-03-25
4,Rubber,35.85,2025-01-28
3,Metals,27.84,2025-02-27
9,Organic,27.76,2025-02-08
7,Glass,40.18,2025-02-20
8,Paper,19.32,2025-03-14
16,"Medical Waste",32.81,2025-02-08
17,"Oil and Grease",38.01,2025-02-28
18,Others,38.30,2025-03-28
7,Wood,32.03,2025-03-27
9,"Oil and Grease",38.48,2025-03-29
10,Wood,46.44,2025-02-24
3,Glass,26.35,2025-04-05
16,Electronics,35.49,2025-04-11
14,"Garden Waste",22.23,2025-02-13
11,Metals,41.92,2025-02-04
7,"Food Waste",11.92,2025-02-17
1,"Medical Waste",48.17,2025-02-24
11,Plastics,30.22,2025-02-05
9,Glass,21.75,2025-02-06
14,"Garden Waste",19.28,2025-01-30
15,"Food Waste",45.25,2025-02-08
4,Rubber,21.69,2025-04-10
11,"Construction Debris",7.89,2025-02-03
12,Paper,48.20,2025-03-13
18,Wood,36.67,2025-03-07
8,Glass,22.79,2025-04-15
10,Batteries,47.55,2025-03-17
7,"Expired Goods",9.88,2025-03-27
14,"Construction Debris",15.44,2025-03-08
10,"Food Waste",30.84,2025-03-03
16,"Garden Waste",9.53,2025-03-21
4,Rubber,35.65,2025-03-19
8,Others,42.42,2025-03-26
14,Plastics,5.69,2025-02-25
13,Others,21.79,2025-03-31
2,Metals,48.48,2025-02-27
8,Chemicals,30.67,2025-03-25
12,Organic,37.26,2025-04-04
3,"Food Waste",28.50,2025-01-25
9,"Construction Debris",33.25,2025-03-19
13,Batteries,24.07,2025-04-16
12,Others,17.44,2025-01-30
12,"Medical Waste",5.86,2025-02-12
5,"Garden Waste",26.33,2025-03-14
11,"Construction Debris",34.96,2025-02-05
7,Metals,30.74,2025-03-31
6,"Expired Goods",44.97,2025-02-08
2,Paper,5.88,2025-02-15
4,Batteries,41.85,2025-02-11
10,Glass,39.72,2025-04-07
17,"Garden Waste",18.17,2025-03-08
11,"Construction Debris",19.20,2025-02-05
3,Organic,45.89,2025-03-01
18,"Expired Goods",40.91,2025-02-27
4,"Garden Waste",37.20,2025-04-16
11,Paper,43.79,2025-02-20
17,"Construction Debris",33.82,2025-02-04
2,Glass,46.34,2025-02-11
3,Glass,18.02,2025-04-05
9,Glass,19.55,2025-04-04
10,Electronics,36.73,2025-02-24
17,Electronics,27.91,2025-01-29
8,"Garden Waste",26.97,2025-03-22
4,Paper,26.83,2025-01-28
15,Electronics,36.27,2025-02-17
9,Others,43.27,2025-01-25
6,Electronics,20.19,2025-02-15
9,"Medical Waste",38.38,2025-01-29
18,Organic,7.93,2025-04-04
15,Organic,23.47,2025-01-25
5,Others,38.31,2025-03-24
12,Chemicals,8.79,2025-04-04
11,Batteries,18.67,2025-04-01
15,Wood,12.40,2025-02-18
7,Organic,32.19,2025-02-04
8,Glass,38.07,2025-04-03
17,Batteries,37.05,2025-02-21
13,Glass,39.89,2025-01-29
4,Organic,10.52,2025-04-11
14,Wood,9.70,2025-02-15
11,"Expired Goods",27.91,2025-02-10
18,"Oil and Grease",43.07,2025-03-28
2,Paper,32.96,2025-03-22
18,Organic,44.88,2025-03-01
11,Plastics,34.05,2025-03-01
5,Glass,17.15,2025-04-05
16,"Medical Waste",40.84,2025-03-03
1,Glass,43.04,2025-03-18
3,Plastics,45.28,2025-02-20
1,"Food Waste",38.78,2025-03-25
8,"Medical Waste",47.35,2025-02-27
18,"Construction Debris",23.19,2025-02-19
2,Rubber,47.94,2025-04-11
13,Others,14.91,2025-03-18
6,Paper,34.98,2025-02-22
11,Glass,18.34,2025-01-30
9,"Medical Waste",10.47,2025-03-27
1,"Garden Waste",7.84,2025-02-03
10,"Food Waste",11.53,2025-03-05
13,Chemicals,24.93,2025-02-27
4,Organic,35.64,2025-01-30
5,"Food Waste",41.42,2025-04-09
16,"Expired Goods",27.48,2025-03-05
12,Rubber,19.36,2025-02-15
18,Batteries,8.96,2025-02-18
9,"Garden Waste",32.98,2025-02-01
16,Chemicals,19.17,2025-02-08
18,"Medical Waste",16.72,2025-03-31
14,Textiles,5.73,2025-02-07
14,Glass,41.38,2025-02-27
4,"Oil and Grease",47.95,2025-02-24
2,"Food Waste",14.59,2025-02-03
5,Organic,28.60,2025-03-12
3,Metals,38.28,2025-03-03
18,Plastics,45.82,2025-02-04
2,Textiles,49.67,2025-02-10
17,"Oil and Grease",42.02,2025-04-15
3,Batteries,5.79,2025-04-16
10,Rubber,47.48,2025-04-15
11,Glass,10.65,2025-03-07
17,Metals,49.13,2025-03-04
14,Others,17.63,2025-03-24
17,"Oil and Grease",9.03,2025-02-14
13,Wood,46.07,2025-04-05
1,Textiles,14.47,2025-04-10
18,Metals,21.10,2025-03-11
5,Batteries,6.04,2025-02-28
16,Metals,12.82,2025-02-01
3,"Food Waste",48.08,2025-03-01
18,"Construction Debris",6.71,2025-03-13
5,Electronics,29.13,2025-04-10
8,Electronics,5.71,2025-02-17
8,Glass,46.06,2025-02-13
13,"Medical Waste",22.90,2025-01-30
5,Paper,28.31,2025-02-24
13,Metals,41.20,2025-01-30
2,Rubber,32.43,2025-03-24
13,Others,11.98,2025-03-01
4,Electronics,33.61,2025-02-26
7,Electronics,11.38,2025-03-18
18,Glass,9.32,2025-03-11
4,Electronics,25.21,2025-02-14
5,"Food Waste",33.97,2025-03-01
7,Rubber,12.12,2025-03-13
6,Paper,34.64,2025-02-08
2,Others,31.77,2025-01-28
13,Metals,45.11,2025-02-17
14,"Oil and Grease",45.67,2025-02-17
8,Glass,5.13,2025-02-07
11,Glass,6.37,2025-03-05
14,Rubber,48.96,2025-03-14
18,"Medical Waste",25.69,2025-02-07
11,Others,25.76,2025-02-18
17,Paper,15.33,2025-03-29
17,Electronics,24.65,2025-03-08
5,Glass,47.55,2025-02-24
11,Glass,31.83,2025-01-25
14,Paper,5.23,2025-03-20
11,"Oil and Grease",44.69,2025-03-01
7,Textiles,47.53,2025-02-10
13,Chemicals,10.33,2025-02-22
15,"Oil and Grease",40.20,2025-03-24
13,Chemicals,34.80,2025-04-09
5,"Oil and Grease",5.73,2025-02-17
6,Paper,29.87,2025-02-12
3,Textiles,38.08,2025-03-04
3,Organic,23.84,2025-01-31
14,Paper,37.56,2025-02-07
13,"Garden Waste",19.34,2025-02-08
16,Organic,15.38,2025-03-25
11,"Medical Waste",48.26,2025-02-22
7,Glass,42.94,2025-02-11
13,Metals,21.80,2025-02-11
12,Electronics,37.01,2025-04-05
14,Others,46.43,2025-04-11
4,Paper,24.04,2025-03-20
13,Chemicals,39.08,2025-02-14
10,Organic,16.36,2025-03-31
4,Paper,10.01,2025-02-14
13,"Medical Waste",38.32,2025-04-15
6,Rubber,14.83,2025-03-15
13,Wood,22.34,2025-02-05
18,Textiles,20.90,2025-03-26
12,"Construction Debris",8.19,2025-02-03
15,Electronics,39.01,2025-02-10
2,Metals,8.51,2025-03-01
6,Electronics,39.62,2025-02-21
11,Electronics,21.48,2025-02-13
12,Wood,19.16,2025-02-21
12,Organic,27.12,2025-03-26
15,"Medical Waste",13.45,2025-01-27
15,"Garden Waste",13.18,2025-02-04
9,"Construction Debris",48.27,2025-04-04
6,Electronics,38.04,2025-02-13
1,"Oil and Grease",15.89,2025-02-10
17,"Medical Waste",31.94,2025-03-29
18,Textiles,40.37,2025-02-25
2,Textiles,24.12,2025-01-27
13,Wood,49.25,2025-02-24
14,"Medical Waste",40.41,2025-02-03
16,"Food Waste",40.75,2025-01-28
18,Textiles,20.38,2025-04-16
11,"Expired Goods",47.70,2025-04-16
1,Batteries,14.42,2025-02-05
16,Wood,45.87,2025-02-06
12,Textiles,40.72,2025-02-28
17,Paper,48.87,2025-02-17
17,"Construction Debris",37.65,2025-04-12
18,Metals,38.87,2025-02-08
5,Paper,35.43,2025-04-04
11,Paper,45.69,2025-02-25
1,Wood,39.29,2025-03-03
9,"Construction Debris",12.80,2025-03-31
16,Textiles,19.14,2025-03-17
1,Organic,31.56,2025-03-28
17,Plastics,7.18,2025-03-31
17,Metals,30.20,2025-03-28
3,"Expired Goods",31.56,2025-04-01
1,"Medical Waste",6.22,2025-02-27
4,Electronics,34.69,2025-03-13
3,Glass,12.59,2025-04-09
5,Batteries,43.39,2025-04-04
1,"Expired Goods",23.52,2025-02-03
11,Rubber,36.76,2025-03-24
5,"Food Waste",18.10,2025-04-08
13,"Food Waste",32.14,2025-03-18
18,Others,21.05,2025-02-19
17,"Expired Goods",13.70,2025-04-11
17,Batteries,25.87,2025-03-15
9,Metals,38.74,2025-03-24
11,Batteries,9.84,2025-03-13
4,"Garden Waste",7.23,2025-03-18
18,Textiles,6.64,2025-02-19
2,"Garden Waste",47.01,2025-03-24
2,Glass,6.52,2025-03-18
17,Paper,21.33,2025-03-11
9,"Expired Goods",25.91,2025-02-01
7,"Food Waste",43.18,2025-02-27
12,Chemicals,17.03,2025-04-05
14,Electronics,8.26,2025-04-05
14,"Expired Goods",25.77,2025-03-24
5,"Oil and Grease",42.82,2025-03-29
15,Metals,42.58,2025-03-15
17,Wood,42.23,2025-03-13
10,Metals,7.42,2025-04-15
7,Chemicals,18.16,2025-03-03
10,Chemicals,43.00,2025-03-05
6,"Oil and Grease",14.79,2025-03-05
1,Glass,48.95,2025-02-10
13,Batteries,14.04,2025-03-07
17,"Expired Goods",36.05,2025-03-13
5,Batteries,5.09,2025-03-13
5,"Oil and Grease",49.29,2025-02-10
13,Rubber,29.32,2025-04-10
15,Textiles,11.93,2025-03-08
11,Metals,38.89,2025-03-25
14,"Expired Goods",30.92,2025-02-13
8,"Oil and Grease",16.20,2025-02-26
15,Others,39.24,2025-04-14
12,Chemicals,30.59,2025-02-06
6,"Construction Debris",38.21,2025-02-13
15,Plastics,38.89,2025-03-15
17,"Garden Waste",34.02,2025-03-11
5,"Medical Waste",18.53,2025-02-28
15,Electronics,17.71,2025-03-27
16,Organic,45.20,2025-03-20
17,Batteries,39.81,2025-04-12
14,Rubber,8.47,2025-04-05
6,Batteries,14.31,2025-03-18
17,Plastics,31.36,2025-02-14
5,"Expired Goods",23.43,2025-02-22
8,Rubber,16.85,2025-02-01
13,"Expired Goods",24.37,2025-04-01
17,"Medical Waste",47.53,2025-02-20
2,Wood,22.60,2025-04-09
11,"Construction Debris",12.70,2025-03-13
5,Batteries,46.35,2025-01-28
17,"Garden Waste",7.28,2025-02-14
12,"Oil and Grease",16.18,2025-02-22
10,Glass,45.05,2025-03-07
1,Glass,31.97,2025-04-01
3,"Construction Debris",40.98,2025-04-05
6,Chemicals,48.12,2025-02-26
13,Textiles,11.50,2025-03-03
5,Textiles,30.61,2025-04-11
14,"Garden Waste",39.13,2025-03-29
17,Rubber,39.12,2025-02-08
3,Chemicals,32.85,2025-02-27
5,Chemicals,42.61,2025-03-29
10,"Food Waste",40.87,2025-03-20
16,"Food Waste",34.39,2025-02-11
9,"Garden Waste",21.31,2025-03-06
14,Electronics,33.63,2025-01-29
7,"Construction Debris",43.45,2025-01-30
9,"Expired Goods",9.85,2025-02-25
14,Paper,48.31,2025-03-20
4,Electronics,16.49,2025-03-01
8,Wood,13.36,2025-02-17
12,Metals,34.48,2025-04-09
1,Paper,27.43,2025-03-04
14,Glass,8.04,2025-03-18
5,"Construction Debris",18.44,2025-02-13
13,"Construction Debris",21.95,2025-02-17
2,Batteries,35.13,2025-02-04
15,Metals,12.16,2025-02-20
18,Plastics,19.56,2025-03-28
5,Paper,29.15,2025-04-01
5,Paper,24.08,2025-02-11
7,Textiles,14.06,2025-03-08
11,Plastics,21.87,2025-03-11
1,Electronics,20.94,2025-02-25
11,"Construction Debris",39.01,2025-03-10
9,"Garden Waste",14.60,2025-03-11
13,"Expired Goods",43.44,2025-03-27
17,Glass,40.34,2025-02-18
9,"Oil and Grease",42.31,2025-03-10
7,Wood,22.61,2025-02-11
10,"Garden Waste",22.05,2025-03-10
6,Batteries,20.58,2025-02-13
5,"Oil and Grease",39.52,2025-01-27
10,Textiles,30.74,2025-02-20
7,Plastics,25.20,2025-01-31
13,Electronics,9.44,2025-02-13
2,Chemicals,33.31,2025-01-31
12,Textiles,31.23,2025-03-22
15,"Expired Goods",19.08,2025-03-24
10,Rubber,15.21,2025-03-26
4,"Food Waste",36.26,2025-01-25
8,"Medical Waste",36.37,2025-02-13
17,Textiles,30.97,2025-03-03
14,Organic,14.96,2025-03-15
4,"Construction Debris",32.56,2025-04-12
15,Glass,43.52,2025-03-19
16,"Medical Waste",47.52,2025-03-31
18,Others,41.88,2025-02-27
7,Electronics,41.45,2025-01-29
13,"Food Waste",41.08,2025-04-02
17,Others,31.86,2025-02-10
8,Batteries,14.91,2025-04-11
17,Organic,21.33,2025-03-28
11,"Oil and Grease",7.15,2025-03-04
16,"Construction Debris",30.65,2025-03-28
14,Textiles,36.07,2025-04-01
11,Wood,45.24,2025-02-20
12,Chemicals,44.94,2025-03-22
15,Glass,37.68,2025-02-15
2,"Garden Waste",45.79,2025-03-26
4,"Expired Goods",43.26,2025-01-29
16,Batteries,43.36,2025-03-10
13,Organic,45.85,2025-03-31
14,Electronics,11.81,2025-02-25
6,Metals,36.29,2025-01-28
14,Organic,48.83,2025-02-04
16,Paper,40.48,2025-04-09
8,Others,42.24,2025-03-26
8,Wood,6.06,2025-01-31
4,Wood,47.85,2025-02-22
5,"Expired Goods",6.75,2025-04-12
12,"Oil and Grease",48.13,2025-03-08
12,"Expired Goods",35.23,2025-01-29
5,Plastics,6.92,2025-04-15
15,"Expired Goods",34.25,2025-03-04
18,Glass,36.51,2025-03-27
13,Metals,38.10,2025-03-25
12,Glass,15.06,2025-01-28
13,Others,35.82,2025-03-08
6,Metals,5.38,2025-04-12
8,Others,45.10,2025-03-01
8,Rubber,23.67,2025-03-20
3,Others,41.25,2025-03-22
18,Batteries,18.90,2025-03-06
13,"Food Waste",22.95,2025-04-01
6,Paper,43.40,2025-03-05
17,Batteries,37.54,2025-02-05
1,Organic,16.16,2025-02-11
12,Batteries,11.79,2025-03-26
9,"Oil and Grease",22.75,2025-03-06
18,Glass,11.77,2025-03-13
1,Rubber,36.52,2025-02-13
13,"Food Waste",18.70,2025-03-12
5,Electronics,20.38,2025-03-07
3,"Construction Debris",13.19,2025-02-04
16,Plastics,22.96,2025-03-26
13,"Expired Goods",41.75,2025-02-08
15,Paper,30.32,2025-03-05
13,Rubber,22.70,2025-04-09
12,Paper,34.41,2025-02-10
5,Batteries,36.78,2025-02-28
17,"Expired Goods",41.10,2025-04-14
13,Organic,18.68,2025-02-14
11,Wood,29.29,2025-04-09
13,Plastics,25.81,2025-02-28
5,"Construction Debris",13.34,2025-03-13
8,"Expired Goods",7.06,2025-04-08
3,Electronics,6.22,2025-03-20
1,Rubber,23.57,2025-03-27
17,"Medical Waste",15.77,2025-01-30
7,"Oil and Grease",42.09,2025-04-03
14,"Expired Goods",29.92,2025-04-07
3,"Garden Waste",38.11,2025-03-18
8,Batteries,17.11,2025-02-24
10,Rubber,32.79,2025-02-06
12,Textiles,11.29,2025-03-01
6,Electronics,32.48,2025-03-21
14,Electronics,42.67,2025-03-21
10,Metals,27.39,2025-03-05
10,"Food Waste",49.03,2025-02-08
13,Rubber,22.97,2025-04-12
16,Metals,20.91,2025-04-05
16,Rubber,44.14,2025-02-08
3,Metals,10.71,2025-03-05
10,Electronics,48.78,2025-01-28
6,"Food Waste",22.33,2025-02-07
18,Rubber,44.96,2025-03-17
